{
    "type": "FeatureCollection",
    "features": [
        {
            "type": "Feature",
            "id": "13001",
            "properties": {
                "name": "Appling"
            },
            "geometry": {
                "type": "Polygon",
                "coordinates": [
                    [
                        [
                            -82.43005,
                            31.966955
                        ],
                        [
                            -82.227403,
                            31.912185
                        ],
                        [
                            -82.046664,
                            31.824554
                        ],
                        [
                            -82.134295,
                            31.632861
                        ],
                        [
                            -82.134295,
                            31.468553
                        ],
                        [
                            -82.227403,
                            31.528799
                        ],
                        [
                            -82.523158,
                            31.709538
                        ],
                        [
                            -82.43005,
                            31.966955
                        ]
                    ]
                ]
            }
        },
        {
            "type": "Feature",
            "id": "13003",
            "properties": {
                "name": "Atkinson"
            },
            "geometry": {
                "type": "Polygon",
                "coordinates": [
                    [
                        [
                            -83.142052,
                            31.419261
                        ],
                        [
                            -82.62722,
                            31.364491
                        ],
                        [
                            -82.671035,
                            31.183752
                        ],
                        [
                            -82.972267,
                            31.183752
                        ],
                        [
                            -83.032514,
                            31.183752
                        ],
                        [
                            -83.048944,
                            31.183752
                        ],
                        [
                            -83.142052,
                            31.419261
                        ]
                    ]
                ]
            }
        },
        {
            "type": "Feature",
            "id": "13005",
            "properties": {
                "name": "Bacon"
            },
            "geometry": {
                "type": "Polygon",
                "coordinates": [
                    [
                        [
                            -82.523158,
                            31.709538
                        ],
                        [
                            -82.227403,
                            31.528799
                        ],
                        [
                            -82.419096,
                            31.419261
                        ],
                        [
                            -82.473866,
                            31.419261
                        ],
                        [
                            -82.599835,
                            31.468553
                        ],
                        [
                            -82.62722,
                            31.6712
                        ],
                        [
                            -82.523158,
                            31.709538
                        ]
                    ]
                ]
            }
        },
        {
            "type": "Feature",
            "id": "13007",
            "properties": {
                "name": "Baker"
            },
            "geometry": {
                "type": "Polygon",
                "coordinates": [
                    [
                        [
                            -84.429133,
                            31.435691
                        ],
                        [
                            -84.138855,
                            31.441168
                        ],
                        [
                            -84.50581,
                            31.07969
                        ],
                        [
                            -84.544149,
                            31.07969
                        ],
                        [
                            -84.642734,
                            31.260429
                        ],
                        [
                            -84.637257,
                            31.435691
                        ],
                        [
                            -84.429133,
                            31.435691
                        ]
                    ]
                ]
            }
        },
        {
            "type": "Feature",
            "id": "13009",
            "properties": {
                "name": "Baldwin"
            },
            "geometry": {
                "type": "Polygon",
                "coordinates": [
                    [
                        [
                            -83.273499,
                            33.188312
                        ],
                        [
                            -83.054421,
                            33.078773
                        ],
                        [
                            -83.076329,
                            32.947327
                        ],
                        [
                            -83.355653,
                            32.925419
                        ],
                        [
                            -83.426853,
                            33.182835
                        ],
                        [
                            -83.273499,
                            33.188312
                        ]
                    ]
                ]
            }
        },
        {
            "type": "Feature",
            "id": "13011",
            "properties": {
                "name": "Banks"
            },
            "geometry": {
                "type": "Polygon",
                "coordinates": [
                    [
                        [
                            -83.552823,
                            34.486347
                        ],
                        [
                            -83.459715,
                            34.48087
                        ],
                        [
                            -83.399469,
                            34.458962
                        ],
                        [
                            -83.355653,
                            34.223454
                        ],
                        [
                            -83.404945,
                            34.196069
                        ],
                        [
                            -83.618546,
                            34.289177
                        ],
                        [
                            -83.618546,
                            34.294654
                        ],
                        [
                            -83.613069,
                            34.431578
                        ],
                        [
                            -83.552823,
                            34.486347
                        ]
                    ]
                ]
            }
        },
        {
            "type": "Feature",
            "id": "13013",
            "properties": {
                "name": "Barrow"
            },
            "geometry": {
                "type": "Polygon",
                "coordinates": [
                    [
                        [
                            -83.799285,
                            33.927699
                        ],
                        [
                            -83.815716,
                            34.124869
                        ],
                        [
                            -83.536392,
                            33.966038
                        ],
                        [
                            -83.645931,
                            33.905791
                        ],
                        [
                            -83.799285,
                            33.927699
                        ]
                    ]
                ]
            }
        },
        {
            "type": "Feature",
            "id": "13015",
            "properties": {
                "name": "Bartow"
            },
            "geometry": {
                "type": "Polygon",
                "coordinates": [
                    [
                        [
                            -84.933012,
                            34.398716
                        ],
                        [
                            -84.653688,
                            34.415147
                        ],
                        [
                            -84.659165,
                            34.075577
                        ],
                        [
                            -84.735842,
                            34.081054
                        ],
                        [
                            -84.922058,
                            34.081054
                        ],
                        [
                            -85.048028,
                            34.097484
                        ],
                        [
                            -85.004212,
                            34.393239
                        ],
                        [
                            -84.933012,
                            34.398716
                        ]
                    ]
                ]
            }
        },
        {
            "type": "Feature",
            "id": "13017",
            "properties": {
                "name": "Ben Hill"
            },
            "geometry": {
                "type": "Polygon",
                "coordinates": [
                    [
                        [
                            -83.481623,
                            31.846462
                        ],
                        [
                            -83.180391,
                            31.846462
                        ],
                        [
                            -82.994175,
                            31.780739
                        ],
                        [
                            -82.999652,
                            31.6712
                        ],
                        [
                            -83.454238,
                            31.758831
                        ],
                        [
                            -83.481623,
                            31.846462
                        ]
                    ]
                ]
            }
        },
        {
            "type": "Feature",
            "id": "13019",
            "properties": {
                "name": "Berrien"
            },
            "geometry": {
                "type": "Polygon",
                "coordinates": [
                    [
                        [
                            -83.240637,
                            31.47403
                        ],
                        [
                            -83.147529,
                            31.47403
                        ],
                        [
                            -83.142052,
                            31.419261
                        ],
                        [
                            -83.048944,
                            31.183752
                        ],
                        [
                            -83.196822,
                            31.024921
                        ],
                        [
                            -83.295407,
                            31.024921
                        ],
                        [
                            -83.43233,
                            31.34806
                        ],
                        [
                            -83.339222,
                            31.47403
                        ],
                        [
                            -83.240637,
                            31.47403
                        ]
                    ]
                ]
            }
        },
        {
            "type": "Feature",
            "id": "13021",
            "properties": {
                "name": "Bibb"
            },
            "geometry": {
                "type": "Polygon",
                "coordinates": [
                    [
                        [
                            -83.722608,
                            32.952804
                        ],
                        [
                            -83.711654,
                            32.952804
                        ],
                        [
                            -83.514484,
                            32.843265
                        ],
                        [
                            -83.596638,
                            32.662526
                        ],
                        [
                            -83.7007,
                            32.689911
                        ],
                        [
                            -83.892393,
                            32.848742
                        ],
                        [
                            -83.722608,
                            32.952804
                        ]
                    ]
                ]
            }
        },
        {
            "type": "Feature",
            "id": "13023",
            "properties": {
                "name": "Bleckley"
            },
            "geometry": {
                "type": "Polygon",
                "coordinates": [
                    [
                        [
                            -83.224206,
                            32.585849
                        ],
                        [
                            -83.136575,
                            32.421541
                        ],
                        [
                            -83.344699,
                            32.273663
                        ],
                        [
                            -83.498053,
                            32.399633
                        ],
                        [
                            -83.498053,
                            32.454402
                        ],
                        [
                            -83.224206,
                            32.585849
                        ]
                    ]
                ]
            }
        },
        {
            "type": "Feature",
            "id": "13025",
            "properties": {
                "name": "Brantley"
            },
            "geometry": {
                "type": "Polygon",
                "coordinates": [
                    [
                        [
                            -82.041187,
                            31.369968
                        ],
                        [
                            -82.041187,
                            31.375445
                        ],
                        [
                            -81.729002,
                            31.331629
                        ],
                        [
                            -81.76734,
                            31.167321
                        ],
                        [
                            -81.937125,
                            31.046829
                        ],
                        [
                            -81.986418,
                            31.057782
                        ],
                        [
                            -82.134295,
                            31.00849
                        ],
                        [
                            -82.282173,
                            31.227568
                        ],
                        [
                            -82.041187,
                            31.369968
                        ]
                    ]
                ]
            }
        },
        {
            "type": "Feature",
            "id": "13027",
            "properties": {
                "name": "Brooks"
            },
            "geometry": {
                "type": "Polygon",
                "coordinates": [
                    [
                        [
                            -83.498053,
                            31.052306
                        ],
                        [
                            -83.476146,
                            31.030398
                        ],
                        [
                            -83.355653,
                            30.636058
                        ],
                        [
                            -83.613069,
                            30.652489
                        ],
                        [
                            -83.744516,
                            30.657966
                        ],
                        [
                            -83.739039,
                            31.035875
                        ],
                        [
                            -83.574731,
                            31.07969
                        ],
                        [
                            -83.498053,
                            31.052306
                        ]
                    ]
                ]
            }
        },
        {
            "type": "Feature",
            "id": "13029",
            "properties": {
                "name": "Bryan"
            },
            "geometry": {
                "type": "Polygon",
                "coordinates": [
                    [
                        [
                            -81.42777,
                            32.235325
                        ],
                        [
                            -81.389431,
                            32.098401
                        ],
                        [
                            -81.153923,
                            31.725969
                        ],
                        [
                            -81.197738,
                            31.725969
                        ],
                        [
                            -81.707094,
                            32.087447
                        ],
                        [
                            -81.718048,
                            32.087447
                        ],
                        [
                            -81.783771,
                            32.153171
                        ],
                        [
                            -81.433247,
                            32.240802
                        ],
                        [
                            -81.42777,
                            32.235325
                        ]
                    ]
                ]
            }
        },
        {
            "type": "Feature",
            "id": "13031",
            "properties": {
                "name": "Bulloch"
            },
            "geometry": {
                "type": "Polygon",
                "coordinates": [
                    [
                        [
                            -81.827587,
                            32.651572
                        ],
                        [
                            -81.548263,
                            32.487264
                        ],
                        [
                            -81.433247,
                            32.240802
                        ],
                        [
                            -81.783771,
                            32.153171
                        ],
                        [
                            -81.969987,
                            32.268186
                        ],
                        [
                            -82.030233,
                            32.536556
                        ],
                        [
                            -82.002849,
                            32.607757
                        ],
                        [
                            -81.838541,
                            32.651572
                        ],
                        [
                            -81.827587,
                            32.651572
                        ]
                    ]
                ]
            }
        },
        {
            "type": "Feature",
            "id": "13033",
            "properties": {
                "name": "Burke"
            },
            "geometry": {
                "type": "Polygon",
                "coordinates": [
                    [
                        [
                            -82.189065,
                            33.292374
                        ],
                        [
                            -81.849494,
                            33.248559
                        ],
                        [
                            -81.756386,
                            33.199266
                        ],
                        [
                            -81.613986,
                            33.095204
                        ],
                        [
                            -81.542786,
                            33.045912
                        ],
                        [
                            -81.76734,
                            32.908988
                        ],
                        [
                            -81.860448,
                            32.952804
                        ],
                        [
                            -82.145249,
                            32.810403
                        ],
                        [
                            -82.315034,
                            32.837788
                        ],
                        [
                            -82.265742,
                            33.264989
                        ],
                        [
                            -82.189065,
                            33.292374
                        ]
                    ]
                ]
            }
        },
        {
            "type": "Feature",
            "id": "13035",
            "properties": {
                "name": "Butts"
            },
            "geometry": {
                "type": "Polygon",
                "coordinates": [
                    [
                        [
                            -83.925255,
                            33.451205
                        ],
                        [
                            -83.865008,
                            33.369051
                        ],
                        [
                            -83.821193,
                            33.182835
                        ],
                        [
                            -84.001932,
                            33.204743
                        ],
                        [
                            -84.040271,
                            33.204743
                        ],
                        [
                            -84.122425,
                            33.204743
                        ],
                        [
                            -84.100517,
                            33.297851
                        ],
                        [
                            -83.925255,
                            33.451205
                        ]
                    ]
                ]
            }
        },
        {
            "type": "Feature",
            "id": "13037",
            "properties": {
                "name": "Calhoun"
            },
            "geometry": {
                "type": "Polygon",
                "coordinates": [
                    [
                        [
                            -84.544149,
                            31.621907
                        ],
                        [
                            -84.451041,
                            31.621907
                        ],
                        [
                            -84.429133,
                            31.435691
                        ],
                        [
                            -84.637257,
                            31.435691
                        ],
                        [
                            -84.817996,
                            31.501415
                        ],
                        [
                            -84.817996,
                            31.621907
                        ],
                        [
                            -84.544149,
                            31.621907
                        ]
                    ]
                ]
            }
        },
        {
            "type": "Feature",
            "id": "13039",
            "properties": {
                "name": "Camden"
            },
            "geometry": {
                "type": "Polygon",
                "coordinates": [
                    [
                        [
                            -81.76734,
                            31.167321
                        ],
                        [
                            -81.444201,
                            31.013967
                        ],
                        [
                            -81.444201,
                            30.707258
                        ],
                        [
                            -81.904264,
                            30.816797
                        ],
                        [
                            -81.937125,
                            31.046829
                        ],
                        [
                            -81.76734,
                            31.167321
                        ]
                    ]
                ]
            }
        },
        {
            "type": "Feature",
            "id": "13043",
            "properties": {
                "name": "Candler"
            },
            "geometry": {
                "type": "Polygon",
                "coordinates": [
                    [
                        [
                            -82.030233,
                            32.536556
                        ],
                        [
                            -81.969987,
                            32.268186
                        ],
                        [
                            -82.024756,
                            32.27914
                        ],
                        [
                            -82.23288,
                            32.317479
                        ],
                        [
                            -82.030233,
                            32.536556
                        ]
                    ]
                ]
            }
        },
        {
            "type": "Feature",
            "id": "13045",
            "properties": {
                "name": "Carroll"
            },
            "geometry": {
                "type": "Polygon",
                "coordinates": [
                    [
                        [
                            -85.037074,
                            33.812683
                        ],
                        [
                            -84.90015,
                            33.779822
                        ],
                        [
                            -84.807042,
                            33.571698
                        ],
                        [
                            -84.850858,
                            33.511452
                        ],
                        [
                            -85.015166,
                            33.423821
                        ],
                        [
                            -85.29449,
                            33.429298
                        ],
                        [
                            -85.305444,
                            33.484067
                        ],
                        [
                            -85.338305,
                            33.653852
                        ],
                        [
                            -85.037074,
                            33.812683
                        ]
                    ]
                ]
            }
        },
        {
            "type": "Feature",
            "id": "13047",
            "properties": {
                "name": "Catoosa"
            },
            "geometry": {
                "type": "Polygon",
                "coordinates": [
                    [
                        [
                            -85.267105,
                            34.984749
                        ],
                        [
                            -84.982304,
                            34.990226
                        ],
                        [
                            -85.146612,
                            34.765671
                        ],
                        [
                            -85.267105,
                            34.984749
                        ]
                    ]
                ]
            }
        },
        {
            "type": "Feature",
            "id": "13049",
            "properties": {
                "name": "Charlton"
            },
            "geometry": {
                "type": "Polygon",
                "coordinates": [
                    [
                        [
                            -81.986418,
                            31.057782
                        ],
                        [
                            -81.937125,
                            31.046829
                        ],
                        [
                            -81.904264,
                            30.816797
                        ],
                        [
                            -82.052141,
                            30.362211
                        ],
                        [
                            -82.216449,
                            30.570335
                        ],
                        [
                            -82.134295,
                            31.00849
                        ],
                        [
                            -81.986418,
                            31.057782
                        ]
                    ]
                ]
            }
        },
        {
            "type": "Feature",
            "id": "13051",
            "properties": {
                "name": "Chatham"
            },
            "geometry": {
                "type": "Polygon",
                "coordinates": [
                    [
                        [
                            -81.1594,
                            32.229848
                        ],
                        [
                            -81.148446,
                            32.224371
                        ],
                        [
                            -80.885553,
                            32.032678
                        ],
                        [
                            -81.153923,
                            31.725969
                        ],
                        [
                            -81.389431,
                            32.098401
                        ],
                        [
                            -81.1594,
                            32.229848
                        ]
                    ]
                ]
            }
        },
        {
            "type": "Feature",
            "id": "13053",
            "properties": {
                "name": "Chattahoochee"
            },
            "geometry": {
                "type": "Polygon",
                "coordinates": [
                    [
                        [
                            -84.637257,
                            32.536556
                        ],
                        [
                            -84.659165,
                            32.235325
                        ],
                        [
                            -84.922058,
                            32.229848
                        ],
                        [
                            -84.982304,
                            32.372248
                        ],
                        [
                            -84.692026,
                            32.520126
                        ],
                        [
                            -84.637257,
                            32.536556
                        ]
                    ]
                ]
            }
        },
        {
            "type": "Feature",
            "id": "13055",
            "properties": {
                "name": "Chattooga"
            },
            "geometry": {
                "type": "Polygon",
                "coordinates": [
                    [
                        [
                            -85.108274,
                            34.584932
                        ],
                        [
                            -85.464275,
                            34.2837
                        ],
                        [
                            -85.513567,
                            34.524686
                        ],
                        [
                            -85.529998,
                            34.590409
                        ],
                        [
                            -85.108274,
                            34.584932
                        ]
                    ]
                ]
            }
        },
        {
            "type": "Feature",
            "id": "13057",
            "properties": {
                "name": "Cherokee"
            },
            "geometry": {
                "type": "Polygon",
                "coordinates": [
                    [
                        [
                            -84.582488,
                            34.387762
                        ],
                        [
                            -84.259348,
                            34.382285
                        ],
                        [
                            -84.259348,
                            34.332993
                        ],
                        [
                            -84.259348,
                            34.185115
                        ],
                        [
                            -84.407226,
                            34.108438
                        ],
                        [
                            -84.418179,
                            34.075577
                        ],
                        [
                            -84.615349,
                            34.081054
                        ],
                        [
                            -84.659165,
                            34.075577
                        ],
                        [
                            -84.653688,
                            34.415147
                        ],
                        [
                            -84.582488,
                            34.387762
                        ]
                    ]
                ]
            }
        },
        {
            "type": "Feature",
            "id": "13059",
            "properties": {
                "name": "Clarke"
            },
            "geometry": {
                "type": "Polygon",
                "coordinates": [
                    [
                        [
                            -83.36113,
                            34.042715
                        ],
                        [
                            -83.257068,
                            33.998899
                        ],
                        [
                            -83.273499,
                            33.845545
                        ],
                        [
                            -83.530915,
                            33.960561
                        ],
                        [
                            -83.536392,
                            33.966038
                        ],
                        [
                            -83.36113,
                            34.042715
                        ]
                    ]
                ]
            }
        },
        {
            "type": "Feature",
            "id": "13061",
            "properties": {
                "name": "Clay"
            },
            "geometry": {
                "type": "Polygon",
                "coordinates": [
                    [
                        [
                            -85.124705,
                            31.780739
                        ],
                        [
                            -84.960397,
                            31.775262
                        ],
                        [
                            -84.817996,
                            31.621907
                        ],
                        [
                            -84.817996,
                            31.501415
                        ],
                        [
                            -85.048028,
                            31.517845
                        ],
                        [
                            -85.124705,
                            31.764308
                        ],
                        [
                            -85.141136,
                            31.780739
                        ],
                        [
                            -85.124705,
                            31.780739
                        ]
                    ]
                ]
            }
        },
        {
            "type": "Feature",
            "id": "13063",
            "properties": {
                "name": "Clayton"
            },
            "geometry": {
                "type": "Polygon",
                "coordinates": [
                    [
                        [
                            -84.352456,
                            33.648375
                        ],
                        [
                            -84.281256,
                            33.648375
                        ],
                        [
                            -84.352456,
                            33.35262
                        ],
                        [
                            -84.368887,
                            33.35262
                        ],
                        [
                            -84.385318,
                            33.35262
                        ],
                        [
                            -84.451041,
                            33.54979
                        ],
                        [
                            -84.456518,
                            33.54979
                        ],
                        [
                            -84.352456,
                            33.648375
                        ]
                    ]
                ]
            }
        },
        {
            "type": "Feature",
            "id": "13065",
            "properties": {
                "name": "Clinch"
            },
            "geometry": {
                "type": "Polygon",
                "coordinates": [
                    [
                        [
                            -82.972267,
                            31.183752
                        ],
                        [
                            -82.671035,
                            31.183752
                        ],
                        [
                            -82.419096,
                            30.581289
                        ],
                        [
                            -82.457435,
                            30.586766
                        ],
                        [
                            -82.583404,
                            30.592243
                        ],
                        [
                            -82.972267,
                            30.871567
                        ],
                        [
                            -82.972267,
                            31.183752
                        ]
                    ]
                ]
            }
        },
        {
            "type": "Feature",
            "id": "13067",
            "properties": {
                "name": "Cobb"
            },
            "geometry": {
                "type": "Polygon",
                "coordinates": [
                    [
                        [
                            -84.615349,
                            34.081054
                        ],
                        [
                            -84.418179,
                            34.075577
                        ],
                        [
                            -84.577011,
                            33.741483
                        ],
                        [
                            -84.724888,
                            33.807207
                        ],
                        [
                            -84.735842,
                            34.081054
                        ],
                        [
                            -84.659165,
                            34.075577
                        ],
                        [
                            -84.615349,
                            34.081054
                        ]
                    ]
                ]
            }
        },
        {
            "type": "Feature",
            "id": "13069",
            "properties": {
                "name": "Coffee"
            },
            "geometry": {
                "type": "Polygon",
                "coordinates": [
                    [
                        [
                            -82.994175,
                            31.780739
                        ],
                        [
                            -82.835344,
                            31.8136
                        ],
                        [
                            -82.62722,
                            31.6712
                        ],
                        [
                            -82.599835,
                            31.468553
                        ],
                        [
                            -82.62722,
                            31.364491
                        ],
                        [
                            -83.142052,
                            31.419261
                        ],
                        [
                            -83.147529,
                            31.47403
                        ],
                        [
                            -82.999652,
                            31.6712
                        ],
                        [
                            -82.994175,
                            31.780739
                        ]
                    ]
                ]
            }
        },
        {
            "type": "Feature",
            "id": "13071",
            "properties": {
                "name": "Colquitt"
            },
            "geometry": {
                "type": "Polygon",
                "coordinates": [
                    [
                        [
                            -83.974547,
                            31.337106
                        ],
                        [
                            -83.651408,
                            31.331629
                        ],
                        [
                            -83.514484,
                            31.326153
                        ],
                        [
                            -83.574731,
                            31.07969
                        ],
                        [
                            -83.739039,
                            31.035875
                        ],
                        [
                            -84.001932,
                            31.07969
                        ],
                        [
                            -84.001932,
                            31.337106
                        ],
                        [
                            -83.974547,
                            31.337106
                        ]
                    ]
                ]
            }
        },
        {
            "type": "Feature",
            "id": "13073",
            "properties": {
                "name": "Columbia"
            },
            "geometry": {
                "type": "Polygon",
                "coordinates": [
                    [
                        [
                            -82.216449,
                            33.686714
                        ],
                        [
                            -82.117864,
                            33.599083
                        ],
                        [
                            -82.030233,
                            33.544313
                        ],
                        [
                            -82.293127,
                            33.35262
                        ],
                        [
                            -82.424573,
                            33.648375
                        ],
                        [
                            -82.216449,
                            33.686714
                        ]
                    ]
                ]
            }
        },
        {
            "type": "Feature",
            "id": "13075",
            "properties": {
                "name": "Cook"
            },
            "geometry": {
                "type": "Polygon",
                "coordinates": [
                    [
                        [
                            -83.43233,
                            31.34806
                        ],
                        [
                            -83.295407,
                            31.024921
                        ],
                        [
                            -83.383038,
                            31.030398
                        ],
                        [
                            -83.476146,
                            31.030398
                        ],
                        [
                            -83.498053,
                            31.052306
                        ],
                        [
                            -83.574731,
                            31.07969
                        ],
                        [
                            -83.514484,
                            31.326153
                        ],
                        [
                            -83.43233,
                            31.34806
                        ]
                    ]
                ]
            }
        },
        {
            "type": "Feature",
            "id": "13077",
            "properties": {
                "name": "Coweta"
            },
            "geometry": {
                "type": "Polygon",
                "coordinates": [
                    [
                        [
                            -84.681073,
                            33.511452
                        ],
                        [
                            -84.609872,
                            33.500498
                        ],
                        [
                            -84.494857,
                            33.259513
                        ],
                        [
                            -84.500334,
                            33.221174
                        ],
                        [
                            -84.861812,
                            33.193789
                        ],
                        [
                            -84.938489,
                            33.226651
                        ],
                        [
                            -85.015166,
                            33.423821
                        ],
                        [
                            -84.850858,
                            33.511452
                        ],
                        [
                            -84.681073,
                            33.511452
                        ]
                    ]
                ]
            }
        },
        {
            "type": "Feature",
            "id": "13079",
            "properties": {
                "name": "Crawford"
            },
            "geometry": {
                "type": "Polygon",
                "coordinates": [
                    [
                        [
                            -84.122425,
                            32.848742
                        ],
                        [
                            -83.892393,
                            32.848742
                        ],
                        [
                            -83.7007,
                            32.689911
                        ],
                        [
                            -83.7007,
                            32.689911
                        ],
                        [
                            -83.766424,
                            32.695388
                        ],
                        [
                            -84.001932,
                            32.531079
                        ],
                        [
                            -84.204579,
                            32.689911
                        ],
                        [
                            -84.122425,
                            32.848742
                        ]
                    ]
                ]
            }
        },
        {
            "type": "Feature",
            "id": "13081",
            "properties": {
                "name": "Crisp"
            },
            "geometry": {
                "type": "Polygon",
                "coordinates": [
                    [
                        [
                            -83.963593,
                            32.032678
                        ],
                        [
                            -83.607592,
                            32.027201
                        ],
                        [
                            -83.613069,
                            31.851939
                        ],
                        [
                            -83.804762,
                            31.802646
                        ],
                        [
                            -83.941686,
                            31.846462
                        ],
                        [
                            -83.925255,
                            31.912185
                        ],
                        [
                            -83.963593,
                            32.032678
                        ]
                    ]
                ]
            }
        },
        {
            "type": "Feature",
            "id": "13083",
            "properties": {
                "name": "Dade"
            },
            "geometry": {
                "type": "Polygon",
                "coordinates": [
                    [
                        [
                            -85.475229,
                            34.984749
                        ],
                        [
                            -85.36569,
                            34.984749
                        ],
                        [
                            -85.535475,
                            34.623271
                        ],
                        [
                            -85.584768,
                            34.858779
                        ],
                        [
                            -85.606675,
                            34.984749
                        ],
                        [
                            -85.475229,
                            34.984749
                        ]
                    ]
                ]
            }
        },
        {
            "type": "Feature",
            "id": "13085",
            "properties": {
                "name": "Dawson"
            },
            "geometry": {
                "type": "Polygon",
                "coordinates": [
                    [
                        [
                            -84.199102,
                            34.617794
                        ],
                        [
                            -84.188148,
                            34.601363
                        ],
                        [
                            -83.980024,
                            34.420624
                        ],
                        [
                            -83.958116,
                            34.332993
                        ],
                        [
                            -84.259348,
                            34.332993
                        ],
                        [
                            -84.259348,
                            34.382285
                        ],
                        [
                            -84.346979,
                            34.563024
                        ],
                        [
                            -84.199102,
                            34.617794
                        ]
                    ]
                ]
            }
        },
        {
            "type": "Feature",
            "id": "13087",
            "properties": {
                "name": "Decatur"
            },
            "geometry": {
                "type": "Polygon",
                "coordinates": [
                    [
                        [
                            -84.544149,
                            31.07969
                        ],
                        [
                            -84.544149,
                            31.07969
                        ],
                        [
                            -84.50581,
                            31.07969
                        ],
                        [
                            -84.374364,
                            31.07969
                        ],
                        [
                            -84.379841,
                            30.690827
                        ],
                        [
                            -84.861812,
                            30.712735
                        ],
                        [
                            -84.730365,
                            31.068736
                        ],
                        [
                            -84.544149,
                            31.07969
                        ]
                    ]
                ]
            }
        },
        {
            "type": "Feature",
            "id": "13089",
            "properties": {
                "name": "DeKalb"
            },
            "geometry": {
                "type": "Polygon",
                "coordinates": [
                    [
                        [
                            -84.275779,
                            33.955084
                        ],
                        [
                            -84.02384,
                            33.752437
                        ],
                        [
                            -84.182671,
                            33.648375
                        ],
                        [
                            -84.226487,
                            33.637421
                        ],
                        [
                            -84.281256,
                            33.648375
                        ],
                        [
                            -84.352456,
                            33.648375
                        ],
                        [
                            -84.275779,
                            33.955084
                        ],
                        [
                            -84.275779,
                            33.955084
                        ]
                    ]
                ]
            }
        },
        {
            "type": "Feature",
            "id": "13091",
            "properties": {
                "name": "Dodge"
            },
            "geometry": {
                "type": "Polygon",
                "coordinates": [
                    [
                        [
                            -83.136575,
                            32.421541
                        ],
                        [
                            -82.884636,
                            32.196986
                        ],
                        [
                            -82.928452,
                            32.13674
                        ],
                        [
                            -82.950359,
                            32.120309
                        ],
                        [
                            -83.207776,
                            31.901231
                        ],
                        [
                            -83.339222,
                            32.103878
                        ],
                        [
                            -83.344699,
                            32.273663
                        ],
                        [
                            -83.136575,
                            32.421541
                        ]
                    ]
                ]
            }
        },
        {
            "type": "Feature",
            "id": "13093",
            "properties": {
                "name": "Dooly"
            },
            "geometry": {
                "type": "Polygon",
                "coordinates": [
                    [
                        [
                            -83.848578,
                            32.290094
                        ],
                        [
                            -83.613069,
                            32.290094
                        ],
                        [
                            -83.607592,
                            32.120309
                        ],
                        [
                            -83.607592,
                            32.027201
                        ],
                        [
                            -83.963593,
                            32.032678
                        ],
                        [
                            -84.029317,
                            32.169601
                        ],
                        [
                            -83.848578,
                            32.290094
                        ]
                    ]
                ]
            }
        },
        {
            "type": "Feature",
            "id": "13095",
            "properties": {
                "name": "Dougherty"
            },
            "geometry": {
                "type": "Polygon",
                "coordinates": [
                    [
                        [
                            -84.018363,
                            31.649292
                        ],
                        [
                            -83.996455,
                            31.441168
                        ],
                        [
                            -84.062178,
                            31.441168
                        ],
                        [
                            -84.138855,
                            31.441168
                        ],
                        [
                            -84.429133,
                            31.435691
                        ],
                        [
                            -84.451041,
                            31.621907
                        ],
                        [
                            -84.297687,
                            31.621907
                        ],
                        [
                            -84.018363,
                            31.649292
                        ]
                    ]
                ]
            }
        },
        {
            "type": "Feature",
            "id": "13097",
            "properties": {
                "name": "Douglas"
            },
            "geometry": {
                "type": "Polygon",
                "coordinates": [
                    [
                        [
                            -84.724888,
                            33.807207
                        ],
                        [
                            -84.577011,
                            33.741483
                        ],
                        [
                            -84.807042,
                            33.571698
                        ],
                        [
                            -84.90015,
                            33.779822
                        ],
                        [
                            -84.724888,
                            33.807207
                        ]
                    ]
                ]
            }
        },
        {
            "type": "Feature",
            "id": "13099",
            "properties": {
                "name": "Early"
            },
            "geometry": {
                "type": "Polygon",
                "coordinates": [
                    [
                        [
                            -85.086366,
                            31.309722
                        ],
                        [
                            -85.048028,
                            31.517845
                        ],
                        [
                            -84.817996,
                            31.501415
                        ],
                        [
                            -84.637257,
                            31.435691
                        ],
                        [
                            -84.642734,
                            31.260429
                        ],
                        [
                            -84.922058,
                            31.074213
                        ],
                        [
                            -85.02612,
                            31.074213
                        ],
                        [
                            -85.086366,
                            31.309722
                        ]
                    ]
                ]
            }
        },
        {
            "type": "Feature",
            "id": "13101",
            "properties": {
                "name": "Echols"
            },
            "geometry": {
                "type": "Polygon",
                "coordinates": [
                    [
                        [
                            -82.972267,
                            30.871567
                        ],
                        [
                            -82.583404,
                            30.592243
                        ],
                        [
                            -82.687466,
                            30.597719
                        ],
                        [
                            -83.136575,
                            30.625104
                        ],
                        [
                            -83.02156,
                            30.849659
                        ],
                        [
                            -82.972267,
                            30.871567
                        ]
                    ]
                ]
            }
        },
        {
            "type": "Feature",
            "id": "13103",
            "properties": {
                "name": "Effingham"
            },
            "geometry": {
                "type": "Polygon",
                "coordinates": [
                    [
                        [
                            -81.389431,
                            32.596803
                        ],
                        [
                            -81.279893,
                            32.558464
                        ],
                        [
                            -81.148446,
                            32.224371
                        ],
                        [
                            -81.1594,
                            32.229848
                        ],
                        [
                            -81.389431,
                            32.098401
                        ],
                        [
                            -81.42777,
                            32.235325
                        ],
                        [
                            -81.433247,
                            32.240802
                        ],
                        [
                            -81.548263,
                            32.487264
                        ],
                        [
                            -81.389431,
                            32.596803
                        ]
                    ]
                ]
            }
        },
        {
            "type": "Feature",
            "id": "13105",
            "properties": {
                "name": "Elbert"
            },
            "geometry": {
                "type": "Polygon",
                "coordinates": [
                    [
                        [
                            -82.775097,
                            34.289177
                        ],
                        [
                            -82.742236,
                            34.207023
                        ],
                        [
                            -82.594358,
                            34.01533
                        ],
                        [
                            -82.566974,
                            33.955084
                        ],
                        [
                            -82.643651,
                            33.982469
                        ],
                        [
                            -82.731282,
                            33.982469
                        ],
                        [
                            -82.780574,
                            33.971515
                        ],
                        [
                            -82.977744,
                            34.042715
                        ],
                        [
                            -83.076329,
                            34.228931
                        ],
                        [
                            -82.775097,
                            34.289177
                        ]
                    ]
                ]
            }
        },
        {
            "type": "Feature",
            "id": "13107",
            "properties": {
                "name": "Emanuel"
            },
            "geometry": {
                "type": "Polygon",
                "coordinates": [
                    [
                        [
                            -82.315034,
                            32.837788
                        ],
                        [
                            -82.145249,
                            32.810403
                        ],
                        [
                            -82.002849,
                            32.607757
                        ],
                        [
                            -82.030233,
                            32.536556
                        ],
                        [
                            -82.23288,
                            32.317479
                        ],
                        [
                            -82.408142,
                            32.355817
                        ],
                        [
                            -82.550543,
                            32.498218
                        ],
                        [
                            -82.649128,
                            32.514649
                        ],
                        [
                            -82.435527,
                            32.761111
                        ],
                        [
                            -82.315034,
                            32.837788
                        ]
                    ]
                ]
            }
        },
        {
            "type": "Feature",
            "id": "13109",
            "properties": {
                "name": "Evans"
            },
            "geometry": {
                "type": "Polygon",
                "coordinates": [
                    [
                        [
                            -82.024756,
                            32.27914
                        ],
                        [
                            -81.969987,
                            32.268186
                        ],
                        [
                            -81.783771,
                            32.153171
                        ],
                        [
                            -81.718048,
                            32.087447
                        ],
                        [
                            -81.761863,
                            32.049109
                        ],
                        [
                            -82.024756,
                            32.27914
                        ]
                    ]
                ]
            }
        },
        {
            "type": "Feature",
            "id": "13111",
            "properties": {
                "name": "Fannin"
            },
            "geometry": {
                "type": "Polygon",
                "coordinates": [
                    [
                        [
                            -84.319594,
                            34.990226
                        ],
                        [
                            -84.127902,
                            34.990226
                        ],
                        [
                            -84.155286,
                            34.650655
                        ],
                        [
                            -84.188148,
                            34.601363
                        ],
                        [
                            -84.199102,
                            34.617794
                        ],
                        [
                            -84.620826,
                            34.853302
                        ],
                        [
                            -84.620826,
                            34.990226
                        ],
                        [
                            -84.319594,
                            34.990226
                        ]
                    ]
                ]
            }
        },
        {
            "type": "Feature",
            "id": "13113",
            "properties": {
                "name": "Fayette"
            },
            "geometry": {
                "type": "Polygon",
                "coordinates": [
                    [
                        [
                            -84.451041,
                            33.54979
                        ],
                        [
                            -84.385318,
                            33.35262
                        ],
                        [
                            -84.494857,
                            33.259513
                        ],
                        [
                            -84.609872,
                            33.500498
                        ],
                        [
                            -84.456518,
                            33.54979
                        ],
                        [
                            -84.451041,
                            33.54979
                        ]
                    ]
                ]
            }
        },
        {
            "type": "Feature",
            "id": "13115",
            "properties": {
                "name": "Floyd"
            },
            "geometry": {
                "type": "Polygon",
                "coordinates": [
                    [
                        [
                            -85.09732,
                            34.584932
                        ],
                        [
                            -85.069935,
                            34.584932
                        ],
                        [
                            -85.004212,
                            34.393239
                        ],
                        [
                            -85.048028,
                            34.097484
                        ],
                        [
                            -85.42046,
                            34.081054
                        ],
                        [
                            -85.464275,
                            34.2837
                        ],
                        [
                            -85.108274,
                            34.584932
                        ],
                        [
                            -85.09732,
                            34.584932
                        ]
                    ]
                ]
            }
        },
        {
            "type": "Feature",
            "id": "13117",
            "properties": {
                "name": "Forsyth"
            },
            "geometry": {
                "type": "Polygon",
                "coordinates": [
                    [
                        [
                            -84.259348,
                            34.332993
                        ],
                        [
                            -83.958116,
                            34.332993
                        ],
                        [
                            -84.062178,
                            34.168685
                        ],
                        [
                            -84.09504,
                            34.048192
                        ],
                        [
                            -84.259348,
                            34.185115
                        ],
                        [
                            -84.259348,
                            34.332993
                        ]
                    ]
                ]
            }
        },
        {
            "type": "Feature",
            "id": "13119",
            "properties": {
                "name": "Franklin"
            },
            "geometry": {
                "type": "Polygon",
                "coordinates": [
                    [
                        [
                            -83.125621,
                            34.519209
                        ],
                        [
                            -83.103714,
                            34.53564
                        ],
                        [
                            -83.048944,
                            34.497301
                        ],
                        [
                            -83.114668,
                            34.272746
                        ],
                        [
                            -83.120145,
                            34.272746
                        ],
                        [
                            -83.355653,
                            34.223454
                        ],
                        [
                            -83.399469,
                            34.458962
                        ],
                        [
                            -83.125621,
                            34.519209
                        ]
                    ]
                ]
            }
        },
        {
            "type": "Feature",
            "id": "13121",
            "properties": {
                "name": "Fulton"
            },
            "geometry": {
                "type": "Polygon",
                "coordinates": [
                    [
                        [
                            -84.407226,
                            34.108438
                        ],
                        [
                            -84.259348,
                            34.185115
                        ],
                        [
                            -84.09504,
                            34.048192
                        ],
                        [
                            -84.275779,
                            33.955084
                        ],
                        [
                            -84.352456,
                            33.648375
                        ],
                        [
                            -84.456518,
                            33.54979
                        ],
                        [
                            -84.609872,
                            33.500498
                        ],
                        [
                            -84.681073,
                            33.511452
                        ],
                        [
                            -84.850858,
                            33.511452
                        ],
                        [
                            -84.807042,
                            33.571698
                        ],
                        [
                            -84.577011,
                            33.741483
                        ],
                        [
                            -84.418179,
                            34.075577
                        ],
                        [
                            -84.407226,
                            34.108438
                        ]
                    ]
                ]
            }
        },
        {
            "type": "Feature",
            "id": "13123",
            "properties": {
                "name": "Gilmer"
            },
            "geometry": {
                "type": "Polygon",
                "coordinates": [
                    [
                        [
                            -84.620826,
                            34.853302
                        ],
                        [
                            -84.199102,
                            34.617794
                        ],
                        [
                            -84.346979,
                            34.563024
                        ],
                        [
                            -84.653688,
                            34.546593
                        ],
                        [
                            -84.653688,
                            34.584932
                        ],
                        [
                            -84.620826,
                            34.853302
                        ]
                    ]
                ]
            }
        },
        {
            "type": "Feature",
            "id": "13125",
            "properties": {
                "name": "Glascock"
            },
            "geometry": {
                "type": "Polygon",
                "coordinates": [
                    [
                        [
                            -82.687466,
                            33.270466
                        ],
                        [
                            -82.43005,
                            33.275943
                        ],
                        [
                            -82.660082,
                            33.128066
                        ],
                        [
                            -82.747713,
                            33.237605
                        ],
                        [
                            -82.75319,
                            33.254036
                        ],
                        [
                            -82.687466,
                            33.270466
                        ]
                    ]
                ]
            }
        },
        {
            "type": "Feature",
            "id": "13127",
            "properties": {
                "name": "Glynn"
            },
            "geometry": {
                "type": "Polygon",
                "coordinates": [
                    [
                        [
                            -81.279893,
                            31.293291
                        ],
                        [
                            -81.268939,
                            31.293291
                        ],
                        [
                            -81.444201,
                            31.013967
                        ],
                        [
                            -81.76734,
                            31.167321
                        ],
                        [
                            -81.729002,
                            31.331629
                        ],
                        [
                            -81.62494,
                            31.452122
                        ],
                        [
                            -81.279893,
                            31.293291
                        ]
                    ]
                ]
            }
        },
        {
            "type": "Feature",
            "id": "13129",
            "properties": {
                "name": "Gordon"
            },
            "geometry": {
                "type": "Polygon",
                "coordinates": [
                    [
                        [
                            -84.916581,
                            34.634225
                        ],
                        [
                            -84.653688,
                            34.584932
                        ],
                        [
                            -84.653688,
                            34.546593
                        ],
                        [
                            -84.653688,
                            34.415147
                        ],
                        [
                            -84.933012,
                            34.398716
                        ],
                        [
                            -85.004212,
                            34.393239
                        ],
                        [
                            -85.069935,
                            34.584932
                        ],
                        [
                            -85.048028,
                            34.623271
                        ],
                        [
                            -84.916581,
                            34.634225
                        ]
                    ]
                ]
            }
        },
        {
            "type": "Feature",
            "id": "13131",
            "properties": {
                "name": "Grady"
            },
            "geometry": {
                "type": "Polygon",
                "coordinates": [
                    [
                        [
                            -84.270302,
                            31.07969
                        ],
                        [
                            -84.116948,
                            31.07969
                        ],
                        [
                            -84.084086,
                            30.674397
                        ],
                        [
                            -84.281256,
                            30.685351
                        ],
                        [
                            -84.379841,
                            30.690827
                        ],
                        [
                            -84.374364,
                            31.07969
                        ],
                        [
                            -84.270302,
                            31.07969
                        ]
                    ]
                ]
            }
        },
        {
            "type": "Feature",
            "id": "13133",
            "properties": {
                "name": "Greene"
            },
            "geometry": {
                "type": "Polygon",
                "coordinates": [
                    [
                        [
                            -83.28993,
                            33.736006
                        ],
                        [
                            -83.278976,
                            33.763391
                        ],
                        [
                            -82.994175,
                            33.692191
                        ],
                        [
                            -83.010606,
                            33.467636
                        ],
                        [
                            -83.16396,
                            33.35262
                        ],
                        [
                            -83.278976,
                            33.484067
                        ],
                        [
                            -83.404945,
                            33.697668
                        ],
                        [
                            -83.28993,
                            33.736006
                        ]
                    ]
                ]
            }
        },
        {
            "type": "Feature",
            "id": "13135",
            "properties": {
                "name": "Gwinnett"
            },
            "geometry": {
                "type": "Polygon",
                "coordinates": [
                    [
                        [
                            -83.990978,
                            34.1413
                        ],
                        [
                            -83.815716,
                            34.124869
                        ],
                        [
                            -83.799285,
                            33.927699
                        ],
                        [
                            -83.980024,
                            33.785299
                        ],
                        [
                            -84.02384,
                            33.752437
                        ],
                        [
                            -84.275779,
                            33.955084
                        ],
                        [
                            -84.275779,
                            33.955084
                        ],
                        [
                            -84.09504,
                            34.048192
                        ],
                        [
                            -84.062178,
                            34.168685
                        ],
                        [
                            -83.990978,
                            34.1413
                        ]
                    ]
                ]
            }
        },
        {
            "type": "Feature",
            "id": "13137",
            "properties": {
                "name": "Habersham"
            },
            "geometry": {
                "type": "Polygon",
                "coordinates": [
                    [
                        [
                            -83.651408,
                            34.820441
                        ],
                        [
                            -83.350176,
                            34.716379
                        ],
                        [
                            -83.339222,
                            34.688994
                        ],
                        [
                            -83.459715,
                            34.48087
                        ],
                        [
                            -83.552823,
                            34.486347
                        ],
                        [
                            -83.613069,
                            34.431578
                        ],
                        [
                            -83.667839,
                            34.502778
                        ],
                        [
                            -83.684269,
                            34.798533
                        ],
                        [
                            -83.651408,
                            34.820441
                        ]
                    ]
                ]
            }
        },
        {
            "type": "Feature",
            "id": "13139",
            "properties": {
                "name": "Hall"
            },
            "geometry": {
                "type": "Polygon",
                "coordinates": [
                    [
                        [
                            -83.788331,
                            34.513732
                        ],
                        [
                            -83.667839,
                            34.502778
                        ],
                        [
                            -83.613069,
                            34.431578
                        ],
                        [
                            -83.618546,
                            34.294654
                        ],
                        [
                            -83.815716,
                            34.124869
                        ],
                        [
                            -83.990978,
                            34.1413
                        ],
                        [
                            -84.062178,
                            34.168685
                        ],
                        [
                            -83.958116,
                            34.332993
                        ],
                        [
                            -83.980024,
                            34.420624
                        ],
                        [
                            -83.843101,
                            34.502778
                        ],
                        [
                            -83.788331,
                            34.513732
                        ]
                    ]
                ]
            }
        },
        {
            "type": "Feature",
            "id": "13141",
            "properties": {
                "name": "Hancock"
            },
            "geometry": {
                "type": "Polygon",
                "coordinates": [
                    [
                        [
                            -83.010606,
                            33.467636
                        ],
                        [
                            -82.851774,
                            33.445728
                        ],
                        [
                            -82.75319,
                            33.254036
                        ],
                        [
                            -82.747713,
                            33.237605
                        ],
                        [
                            -83.054421,
                            33.078773
                        ],
                        [
                            -83.273499,
                            33.188312
                        ],
                        [
                            -83.16396,
                            33.35262
                        ],
                        [
                            -83.010606,
                            33.467636
                        ],
                        [
                            -83.010606,
                            33.467636
                        ]
                    ]
                ]
            }
        },
        {
            "type": "Feature",
            "id": "13143",
            "properties": {
                "name": "Haralson"
            },
            "geometry": {
                "type": "Polygon",
                "coordinates": [
                    [
                        [
                            -85.310921,
                            33.900315
                        ],
                        [
                            -85.048028,
                            33.905791
                        ],
                        [
                            -85.037074,
                            33.812683
                        ],
                        [
                            -85.338305,
                            33.653852
                        ],
                        [
                            -85.387598,
                            33.900315
                        ],
                        [
                            -85.310921,
                            33.900315
                        ]
                    ]
                ]
            }
        },
        {
            "type": "Feature",
            "id": "13145",
            "properties": {
                "name": "Harris"
            },
            "geometry": {
                "type": "Polygon",
                "coordinates": [
                    [
                        [
                            -84.861812,
                            32.87065
                        ],
                        [
                            -84.70298,
                            32.843265
                        ],
                        [
                            -84.692026,
                            32.585849
                        ],
                        [
                            -85.02612,
                            32.607757
                        ],
                        [
                            -85.080889,
                            32.607757
                        ],
                        [
                            -85.130182,
                            32.74468
                        ],
                        [
                            -85.184951,
                            32.87065
                        ],
                        [
                            -84.861812,
                            32.87065
                        ],
                        [
                            -84.861812,
                            32.87065
                        ]
                    ]
                ]
            }
        },
        {
            "type": "Feature",
            "id": "13147",
            "properties": {
                "name": "Hart"
            },
            "geometry": {
                "type": "Polygon",
                "coordinates": [
                    [
                        [
                            -83.048944,
                            34.497301
                        ],
                        [
                            -82.994175,
                            34.48087
                        ],
                        [
                            -82.775097,
                            34.289177
                        ],
                        [
                            -83.076329,
                            34.228931
                        ],
                        [
                            -83.114668,
                            34.272746
                        ],
                        [
                            -83.048944,
                            34.497301
                        ]
                    ]
                ]
            }
        },
        {
            "type": "Feature",
            "id": "13149",
            "properties": {
                "name": "Heard"
            },
            "geometry": {
                "type": "Polygon",
                "coordinates": [
                    [
                        [
                            -85.015166,
                            33.423821
                        ],
                        [
                            -84.938489,
                            33.226651
                        ],
                        [
                            -84.938489,
                            33.226651
                        ],
                        [
                            -85.234244,
                            33.128066
                        ],
                        [
                            -85.29449,
                            33.429298
                        ],
                        [
                            -85.015166,
                            33.423821
                        ]
                    ]
                ]
            }
        },
        {
            "type": "Feature",
            "id": "13151",
            "properties": {
                "name": "Henry"
            },
            "geometry": {
                "type": "Polygon",
                "coordinates": [
                    [
                        [
                            -84.226487,
                            33.637421
                        ],
                        [
                            -84.182671,
                            33.648375
                        ],
                        [
                            -84.045747,
                            33.527883
                        ],
                        [
                            -83.925255,
                            33.451205
                        ],
                        [
                            -84.100517,
                            33.297851
                        ],
                        [
                            -84.352456,
                            33.35262
                        ],
                        [
                            -84.281256,
                            33.648375
                        ],
                        [
                            -84.226487,
                            33.637421
                        ]
                    ]
                ]
            }
        },
        {
            "type": "Feature",
            "id": "13153",
            "properties": {
                "name": "Houston"
            },
            "geometry": {
                "type": "Polygon",
                "coordinates": [
                    [
                        [
                            -83.7007,
                            32.689911
                        ],
                        [
                            -83.7007,
                            32.689911
                        ],
                        [
                            -83.596638,
                            32.662526
                        ],
                        [
                            -83.498053,
                            32.454402
                        ],
                        [
                            -83.498053,
                            32.399633
                        ],
                        [
                            -83.613069,
                            32.290094
                        ],
                        [
                            -83.848578,
                            32.290094
                        ],
                        [
                            -83.848578,
                            32.465356
                        ],
                        [
                            -83.7007,
                            32.689911
                        ]
                    ]
                ]
            }
        },
        {
            "type": "Feature",
            "id": "13155",
            "properties": {
                "name": "Irwin"
            },
            "geometry": {
                "type": "Polygon",
                "coordinates": [
                    [
                        [
                            -83.454238,
                            31.758831
                        ],
                        [
                            -82.999652,
                            31.6712
                        ],
                        [
                            -83.147529,
                            31.47403
                        ],
                        [
                            -83.240637,
                            31.47403
                        ],
                        [
                            -83.339222,
                            31.47403
                        ],
                        [
                            -83.498053,
                            31.594523
                        ],
                        [
                            -83.454238,
                            31.758831
                        ]
                    ]
                ]
            }
        },
        {
            "type": "Feature",
            "id": "13157",
            "properties": {
                "name": "Jackson"
            },
            "geometry": {
                "type": "Polygon",
                "coordinates": [
                    [
                        [
                            -83.618546,
                            34.289177
                        ],
                        [
                            -83.404945,
                            34.196069
                        ],
                        [
                            -83.36113,
                            34.042715
                        ],
                        [
                            -83.536392,
                            33.966038
                        ],
                        [
                            -83.815716,
                            34.124869
                        ],
                        [
                            -83.618546,
                            34.294654
                        ],
                        [
                            -83.618546,
                            34.289177
                        ]
                    ]
                ]
            }
        },
        {
            "type": "Feature",
            "id": "13159",
            "properties": {
                "name": "Jasper"
            },
            "geometry": {
                "type": "Polygon",
                "coordinates": [
                    [
                        [
                            -83.684269,
                            33.527883
                        ],
                        [
                            -83.536392,
                            33.434775
                        ],
                        [
                            -83.547346,
                            33.171881
                        ],
                        [
                            -83.815716,
                            33.133543
                        ],
                        [
                            -83.821193,
                            33.182835
                        ],
                        [
                            -83.865008,
                            33.369051
                        ],
                        [
                            -83.684269,
                            33.527883
                        ]
                    ]
                ]
            }
        },
        {
            "type": "Feature",
            "id": "13161",
            "properties": {
                "name": "Jeff Davis"
            },
            "geometry": {
                "type": "Polygon",
                "coordinates": [
                    [
                        [
                            -82.468389,
                            31.966955
                        ],
                        [
                            -82.43005,
                            31.966955
                        ],
                        [
                            -82.523158,
                            31.709538
                        ],
                        [
                            -82.62722,
                            31.6712
                        ],
                        [
                            -82.835344,
                            31.8136
                        ],
                        [
                            -82.643651,
                            31.917662
                        ],
                        [
                            -82.545066,
                            31.961478
                        ],
                        [
                            -82.479343,
                            31.972432
                        ],
                        [
                            -82.468389,
                            31.966955
                        ]
                    ]
                ]
            }
        },
        {
            "type": "Feature",
            "id": "13163",
            "properties": {
                "name": "Jefferson"
            },
            "geometry": {
                "type": "Polygon",
                "coordinates": [
                    [
                        [
                            -82.386235,
                            33.314282
                        ],
                        [
                            -82.353373,
                            33.314282
                        ],
                        [
                            -82.265742,
                            33.264989
                        ],
                        [
                            -82.315034,
                            32.837788
                        ],
                        [
                            -82.435527,
                            32.761111
                        ],
                        [
                            -82.523158,
                            32.821357
                        ],
                        [
                            -82.660082,
                            33.128066
                        ],
                        [
                            -82.43005,
                            33.275943
                        ],
                        [
                            -82.386235,
                            33.314282
                        ]
                    ]
                ]
            }
        },
        {
            "type": "Feature",
            "id": "13165",
            "properties": {
                "name": "Jenkins"
            },
            "geometry": {
                "type": "Polygon",
                "coordinates": [
                    [
                        [
                            -81.860448,
                            32.952804
                        ],
                        [
                            -81.76734,
                            32.908988
                        ],
                        [
                            -81.838541,
                            32.651572
                        ],
                        [
                            -82.002849,
                            32.607757
                        ],
                        [
                            -82.145249,
                            32.810403
                        ],
                        [
                            -81.860448,
                            32.952804
                        ]
                    ]
                ]
            }
        },
        {
            "type": "Feature",
            "id": "13167",
            "properties": {
                "name": "Johnson"
            },
            "geometry": {
                "type": "Polygon",
                "coordinates": [
                    [
                        [
                            -82.523158,
                            32.821357
                        ],
                        [
                            -82.435527,
                            32.761111
                        ],
                        [
                            -82.649128,
                            32.514649
                        ],
                        [
                            -82.955836,
                            32.706342
                        ],
                        [
                            -82.944882,
                            32.761111
                        ],
                        [
                            -82.523158,
                            32.821357
                        ]
                    ]
                ]
            }
        },
        {
            "type": "Feature",
            "id": "13169",
            "properties": {
                "name": "Jones"
            },
            "geometry": {
                "type": "Polygon",
                "coordinates": [
                    [
                        [
                            -83.426853,
                            33.182835
                        ],
                        [
                            -83.355653,
                            32.925419
                        ],
                        [
                            -83.404945,
                            32.898034
                        ],
                        [
                            -83.514484,
                            32.843265
                        ],
                        [
                            -83.711654,
                            32.952804
                        ],
                        [
                            -83.815716,
                            33.133543
                        ],
                        [
                            -83.547346,
                            33.171881
                        ],
                        [
                            -83.426853,
                            33.182835
                        ]
                    ]
                ]
            }
        },
        {
            "type": "Feature",
            "id": "13171",
            "properties": {
                "name": "Lamar"
            },
            "geometry": {
                "type": "Polygon",
                "coordinates": [
                    [
                        [
                            -84.040271,
                            33.204743
                        ],
                        [
                            -84.122425,
                            32.930896
                        ],
                        [
                            -84.270302,
                            32.991142
                        ],
                        [
                            -84.248394,
                            33.188312
                        ],
                        [
                            -84.122425,
                            33.204743
                        ],
                        [
                            -84.040271,
                            33.204743
                        ]
                    ]
                ]
            }
        },
        {
            "type": "Feature",
            "id": "13173",
            "properties": {
                "name": "Lanier"
            },
            "geometry": {
                "type": "Polygon",
                "coordinates": [
                    [
                        [
                            -83.032514,
                            31.183752
                        ],
                        [
                            -82.972267,
                            31.183752
                        ],
                        [
                            -82.972267,
                            30.871567
                        ],
                        [
                            -83.02156,
                            30.849659
                        ],
                        [
                            -83.196822,
                            31.024921
                        ],
                        [
                            -83.048944,
                            31.183752
                        ],
                        [
                            -83.032514,
                            31.183752
                        ]
                    ]
                ]
            }
        },
        {
            "type": "Feature",
            "id": "13175",
            "properties": {
                "name": "Laurens"
            },
            "geometry": {
                "type": "Polygon",
                "coordinates": [
                    [
                        [
                            -83.224206,
                            32.585849
                        ],
                        [
                            -82.955836,
                            32.706342
                        ],
                        [
                            -82.649128,
                            32.514649
                        ],
                        [
                            -82.720328,
                            32.312002
                        ],
                        [
                            -82.884636,
                            32.196986
                        ],
                        [
                            -83.136575,
                            32.421541
                        ],
                        [
                            -83.224206,
                            32.585849
                        ]
                    ]
                ]
            }
        },
        {
            "type": "Feature",
            "id": "13177",
            "properties": {
                "name": "Lee"
            },
            "geometry": {
                "type": "Polygon",
                "coordinates": [
                    [
                        [
                            -84.259348,
                            31.917662
                        ],
                        [
                            -83.925255,
                            31.912185
                        ],
                        [
                            -83.941686,
                            31.846462
                        ],
                        [
                            -84.018363,
                            31.649292
                        ],
                        [
                            -84.297687,
                            31.621907
                        ],
                        [
                            -84.336025,
                            31.873847
                        ],
                        [
                            -84.259348,
                            31.917662
                        ]
                    ]
                ]
            }
        },
        {
            "type": "Feature",
            "id": "13179",
            "properties": {
                "name": "Liberty"
            },
            "geometry": {
                "type": "Polygon",
                "coordinates": [
                    [
                        [
                            -81.707094,
                            32.087447
                        ],
                        [
                            -81.197738,
                            31.725969
                        ],
                        [
                            -81.192262,
                            31.567138
                        ],
                        [
                            -81.493493,
                            31.698584
                        ],
                        [
                            -81.811156,
                            31.999816
                        ],
                        [
                            -81.82211,
                            32.016247
                        ],
                        [
                            -81.761863,
                            32.049109
                        ],
                        [
                            -81.718048,
                            32.087447
                        ],
                        [
                            -81.707094,
                            32.087447
                        ]
                    ]
                ]
            }
        },
        {
            "type": "Feature",
            "id": "13181",
            "properties": {
                "name": "Lincoln"
            },
            "geometry": {
                "type": "Polygon",
                "coordinates": [
                    [
                        [
                            -82.643651,
                            33.982469
                        ],
                        [
                            -82.566974,
                            33.955084
                        ],
                        [
                            -82.216449,
                            33.686714
                        ],
                        [
                            -82.424573,
                            33.648375
                        ],
                        [
                            -82.479343,
                            33.637421
                        ],
                        [
                            -82.643651,
                            33.982469
                        ]
                    ]
                ]
            }
        },
        {
            "type": "Feature",
            "id": "13183",
            "properties": {
                "name": "Long"
            },
            "geometry": {
                "type": "Polygon",
                "coordinates": [
                    [
                        [
                            -81.811156,
                            31.999816
                        ],
                        [
                            -81.493493,
                            31.698584
                        ],
                        [
                            -81.663278,
                            31.539753
                        ],
                        [
                            -81.969987,
                            31.791692
                        ],
                        [
                            -81.82211,
                            32.016247
                        ],
                        [
                            -81.811156,
                            31.999816
                        ]
                    ]
                ]
            }
        },
        {
            "type": "Feature",
            "id": "13185",
            "properties": {
                "name": "Lowndes"
            },
            "geometry": {
                "type": "Polygon",
                "coordinates": [
                    [
                        [
                            -83.383038,
                            31.030398
                        ],
                        [
                            -83.295407,
                            31.024921
                        ],
                        [
                            -83.196822,
                            31.024921
                        ],
                        [
                            -83.02156,
                            30.849659
                        ],
                        [
                            -83.136575,
                            30.625104
                        ],
                        [
                            -83.311837,
                            30.636058
                        ],
                        [
                            -83.355653,
                            30.636058
                        ],
                        [
                            -83.476146,
                            31.030398
                        ],
                        [
                            -83.383038,
                            31.030398
                        ]
                    ]
                ]
            }
        },
        {
            "type": "Feature",
            "id": "13187",
            "properties": {
                "name": "Lumpkin"
            },
            "geometry": {
                "type": "Polygon",
                "coordinates": [
                    [
                        [
                            -83.854055,
                            34.721856
                        ],
                        [
                            -83.843101,
                            34.502778
                        ],
                        [
                            -83.980024,
                            34.420624
                        ],
                        [
                            -84.188148,
                            34.601363
                        ],
                        [
                            -84.155286,
                            34.650655
                        ],
                        [
                            -83.854055,
                            34.721856
                        ]
                    ]
                ]
            }
        },
        {
            "type": "Feature",
            "id": "13189",
            "properties": {
                "name": "McDuffie"
            },
            "geometry": {
                "type": "Polygon",
                "coordinates": [
                    [
                        [
                            -82.424573,
                            33.648375
                        ],
                        [
                            -82.293127,
                            33.35262
                        ],
                        [
                            -82.353373,
                            33.314282
                        ],
                        [
                            -82.386235,
                            33.314282
                        ],
                        [
                            -82.649128,
                            33.610037
                        ],
                        [
                            -82.479343,
                            33.637421
                        ],
                        [
                            -82.424573,
                            33.648375
                        ]
                    ]
                ]
            }
        },
        {
            "type": "Feature",
            "id": "13191",
            "properties": {
                "name": "McIntosh"
            },
            "geometry": {
                "type": "Polygon",
                "coordinates": [
                    [
                        [
                            -81.493493,
                            31.698584
                        ],
                        [
                            -81.192262,
                            31.567138
                        ],
                        [
                            -81.268939,
                            31.293291
                        ],
                        [
                            -81.279893,
                            31.293291
                        ],
                        [
                            -81.62494,
                            31.452122
                        ],
                        [
                            -81.663278,
                            31.539753
                        ],
                        [
                            -81.493493,
                            31.698584
                        ]
                    ]
                ]
            }
        },
        {
            "type": "Feature",
            "id": "13193",
            "properties": {
                "name": "Macon"
            },
            "geometry": {
                "type": "MultiPolygon",
                "coordinates": [
                    [
                        [
                            [
                                -84.001932,
                                32.531079
                            ],
                            [
                                -84.007409,
                                32.520126
                            ],
                            [
                                -84.051224,
                                32.520126
                            ],
                            [
                                -84.051224,
                                32.520126
                            ],
                            [
                                -84.001932,
                                32.531079
                            ]
                        ]
                    ],
                    [
                        [
                            [
                                -84.018363,
                                32.503695
                            ],
                            [
                                -83.848578,
                                32.465356
                            ],
                            [
                                -83.848578,
                                32.290094
                            ],
                            [
                                -84.029317,
                                32.169601
                            ],
                            [
                                -84.182671,
                                32.229848
                            ],
                            [
                                -84.253871,
                                32.372248
                            ],
                            [
                                -84.051224,
                                32.520126
                            ],
                            [
                                -84.018363,
                                32.503695
                            ]
                        ]
                    ]
                ]
            }
        },
        {
            "type": "Feature",
            "id": "13195",
            "properties": {
                "name": "Madison"
            },
            "geometry": {
                "type": "Polygon",
                "coordinates": [
                    [
                        [
                            -83.120145,
                            34.272746
                        ],
                        [
                            -83.114668,
                            34.272746
                        ],
                        [
                            -83.076329,
                            34.228931
                        ],
                        [
                            -82.977744,
                            34.042715
                        ],
                        [
                            -83.098237,
                            34.026284
                        ],
                        [
                            -83.257068,
                            33.998899
                        ],
                        [
                            -83.36113,
                            34.042715
                        ],
                        [
                            -83.404945,
                            34.196069
                        ],
                        [
                            -83.355653,
                            34.223454
                        ],
                        [
                            -83.120145,
                            34.272746
                        ]
                    ]
                ]
            }
        },
        {
            "type": "Feature",
            "id": "13197",
            "properties": {
                "name": "Marion"
            },
            "geometry": {
                "type": "Polygon",
                "coordinates": [
                    [
                        [
                            -84.637257,
                            32.536556
                        ],
                        [
                            -84.445564,
                            32.563941
                        ],
                        [
                            -84.390795,
                            32.416064
                        ],
                        [
                            -84.429133,
                            32.164124
                        ],
                        [
                            -84.429133,
                            32.13674
                        ],
                        [
                            -84.648211,
                            32.235325
                        ],
                        [
                            -84.659165,
                            32.235325
                        ],
                        [
                            -84.637257,
                            32.536556
                        ]
                    ]
                ]
            }
        },
        {
            "type": "Feature",
            "id": "13199",
            "properties": {
                "name": "Meriwether"
            },
            "geometry": {
                "type": "Polygon",
                "coordinates": [
                    [
                        [
                            -84.861812,
                            33.193789
                        ],
                        [
                            -84.500334,
                            33.221174
                        ],
                        [
                            -84.494857,
                            33.182835
                        ],
                        [
                            -84.527718,
                            32.969235
                        ],
                        [
                            -84.50581,
                            32.881604
                        ],
                        [
                            -84.70298,
                            32.843265
                        ],
                        [
                            -84.861812,
                            32.87065
                        ],
                        [
                            -84.861812,
                            32.87065
                        ],
                        [
                            -84.861812,
                            33.193789
                        ]
                    ]
                ]
            }
        },
        {
            "type": "Feature",
            "id": "13201",
            "properties": {
                "name": "Miller"
            },
            "geometry": {
                "type": "Polygon",
                "coordinates": [
                    [
                        [
                            -84.642734,
                            31.260429
                        ],
                        [
                            -84.544149,
                            31.07969
                        ],
                        [
                            -84.544149,
                            31.07969
                        ],
                        [
                            -84.730365,
                            31.068736
                        ],
                        [
                            -84.922058,
                            31.074213
                        ],
                        [
                            -84.642734,
                            31.260429
                        ]
                    ]
                ]
            }
        },
        {
            "type": "Feature",
            "id": "13205",
            "properties": {
                "name": "Mitchell"
            },
            "geometry": {
                "type": "Polygon",
                "coordinates": [
                    [
                        [
                            -84.062178,
                            31.441168
                        ],
                        [
                            -83.996455,
                            31.441168
                        ],
                        [
                            -84.001932,
                            31.337106
                        ],
                        [
                            -84.001932,
                            31.07969
                        ],
                        [
                            -84.100517,
                            31.07969
                        ],
                        [
                            -84.116948,
                            31.07969
                        ],
                        [
                            -84.270302,
                            31.07969
                        ],
                        [
                            -84.374364,
                            31.07969
                        ],
                        [
                            -84.50581,
                            31.07969
                        ],
                        [
                            -84.138855,
                            31.441168
                        ],
                        [
                            -84.062178,
                            31.441168
                        ]
                    ]
                ]
            }
        },
        {
            "type": "Feature",
            "id": "13207",
            "properties": {
                "name": "Monroe"
            },
            "geometry": {
                "type": "Polygon",
                "coordinates": [
                    [
                        [
                            -84.001932,
                            33.204743
                        ],
                        [
                            -83.821193,
                            33.182835
                        ],
                        [
                            -83.815716,
                            33.133543
                        ],
                        [
                            -83.711654,
                            32.952804
                        ],
                        [
                            -83.722608,
                            32.952804
                        ],
                        [
                            -83.892393,
                            32.848742
                        ],
                        [
                            -84.122425,
                            32.848742
                        ],
                        [
                            -84.122425,
                            32.930896
                        ],
                        [
                            -84.040271,
                            33.204743
                        ],
                        [
                            -84.001932,
                            33.204743
                        ]
                    ]
                ]
            }
        },
        {
            "type": "Feature",
            "id": "13209",
            "properties": {
                "name": "Montgomery"
            },
            "geometry": {
                "type": "Polygon",
                "coordinates": [
                    [
                        [
                            -82.408142,
                            32.355817
                        ],
                        [
                            -82.479343,
                            31.972432
                        ],
                        [
                            -82.545066,
                            31.961478
                        ],
                        [
                            -82.654605,
                            32.295571
                        ],
                        [
                            -82.408142,
                            32.355817
                        ]
                    ]
                ]
            }
        },
        {
            "type": "Feature",
            "id": "13211",
            "properties": {
                "name": "Morgan"
            },
            "geometry": {
                "type": "Polygon",
                "coordinates": [
                    [
                        [
                            -83.509007,
                            33.812683
                        ],
                        [
                            -83.50353,
                            33.81816
                        ],
                        [
                            -83.404945,
                            33.697668
                        ],
                        [
                            -83.278976,
                            33.484067
                        ],
                        [
                            -83.278976,
                            33.484067
                        ],
                        [
                            -83.536392,
                            33.434775
                        ],
                        [
                            -83.684269,
                            33.527883
                        ],
                        [
                            -83.678792,
                            33.599083
                        ],
                        [
                            -83.509007,
                            33.812683
                        ]
                    ]
                ]
            }
        },
        {
            "type": "Feature",
            "id": "13213",
            "properties": {
                "name": "Murray"
            },
            "geometry": {
                "type": "Polygon",
                "coordinates": [
                    [
                        [
                            -84.620826,
                            34.990226
                        ],
                        [
                            -84.620826,
                            34.853302
                        ],
                        [
                            -84.653688,
                            34.584932
                        ],
                        [
                            -84.916581,
                            34.634225
                        ],
                        [
                            -84.812519,
                            34.990226
                        ],
                        [
                            -84.774181,
                            34.990226
                        ],
                        [
                            -84.620826,
                            34.990226
                        ]
                    ]
                ]
            }
        },
        {
            "type": "Feature",
            "id": "13215",
            "properties": {
                "name": "Muscogee"
            },
            "geometry": {
                "type": "Polygon",
                "coordinates": [
                    [
                        [
                            -85.02612,
                            32.607757
                        ],
                        [
                            -84.692026,
                            32.585849
                        ],
                        [
                            -84.692026,
                            32.520126
                        ],
                        [
                            -84.982304,
                            32.372248
                        ],
                        [
                            -84.998735,
                            32.509172
                        ],
                        [
                            -85.080889,
                            32.607757
                        ],
                        [
                            -85.02612,
                            32.607757
                        ]
                    ]
                ]
            }
        },
        {
            "type": "Feature",
            "id": "13217",
            "properties": {
                "name": "Newton"
            },
            "geometry": {
                "type": "Polygon",
                "coordinates": [
                    [
                        [
                            -83.914301,
                            33.74696
                        ],
                        [
                            -83.678792,
                            33.599083
                        ],
                        [
                            -83.684269,
                            33.527883
                        ],
                        [
                            -83.865008,
                            33.369051
                        ],
                        [
                            -83.925255,
                            33.451205
                        ],
                        [
                            -84.045747,
                            33.527883
                        ],
                        [
                            -83.914301,
                            33.74696
                        ]
                    ]
                ]
            }
        },
        {
            "type": "Feature",
            "id": "13219",
            "properties": {
                "name": "Oconee"
            },
            "geometry": {
                "type": "Polygon",
                "coordinates": [
                    [
                        [
                            -83.530915,
                            33.960561
                        ],
                        [
                            -83.273499,
                            33.845545
                        ],
                        [
                            -83.278976,
                            33.763391
                        ],
                        [
                            -83.28993,
                            33.736006
                        ],
                        [
                            -83.404945,
                            33.697668
                        ],
                        [
                            -83.50353,
                            33.81816
                        ],
                        [
                            -83.645931,
                            33.905791
                        ],
                        [
                            -83.536392,
                            33.966038
                        ],
                        [
                            -83.530915,
                            33.960561
                        ]
                    ]
                ]
            }
        },
        {
            "type": "Feature",
            "id": "13221",
            "properties": {
                "name": "Oglethorpe"
            },
            "geometry": {
                "type": "Polygon",
                "coordinates": [
                    [
                        [
                            -83.098237,
                            34.026284
                        ],
                        [
                            -82.977744,
                            34.042715
                        ],
                        [
                            -82.780574,
                            33.971515
                        ],
                        [
                            -82.950359,
                            33.736006
                        ],
                        [
                            -82.994175,
                            33.692191
                        ],
                        [
                            -83.278976,
                            33.763391
                        ],
                        [
                            -83.273499,
                            33.845545
                        ],
                        [
                            -83.257068,
                            33.998899
                        ],
                        [
                            -83.098237,
                            34.026284
                        ]
                    ]
                ]
            }
        },
        {
            "type": "Feature",
            "id": "13223",
            "properties": {
                "name": "Paulding"
            },
            "geometry": {
                "type": "Polygon",
                "coordinates": [
                    [
                        [
                            -84.922058,
                            34.081054
                        ],
                        [
                            -84.735842,
                            34.081054
                        ],
                        [
                            -84.724888,
                            33.807207
                        ],
                        [
                            -84.90015,
                            33.779822
                        ],
                        [
                            -85.037074,
                            33.812683
                        ],
                        [
                            -85.048028,
                            33.905791
                        ],
                        [
                            -84.922058,
                            34.081054
                        ]
                    ]
                ]
            }
        },
        {
            "type": "Feature",
            "id": "13225",
            "properties": {
                "name": "Peach"
            },
            "geometry": {
                "type": "Polygon",
                "coordinates": [
                    [
                        [
                            -83.766424,
                            32.695388
                        ],
                        [
                            -83.7007,
                            32.689911
                        ],
                        [
                            -83.848578,
                            32.465356
                        ],
                        [
                            -84.018363,
                            32.503695
                        ],
                        [
                            -84.007409,
                            32.520126
                        ],
                        [
                            -84.001932,
                            32.531079
                        ],
                        [
                            -83.766424,
                            32.695388
                        ]
                    ]
                ]
            }
        },
        {
            "type": "Feature",
            "id": "13227",
            "properties": {
                "name": "Pickens"
            },
            "geometry": {
                "type": "Polygon",
                "coordinates": [
                    [
                        [
                            -84.346979,
                            34.563024
                        ],
                        [
                            -84.259348,
                            34.382285
                        ],
                        [
                            -84.582488,
                            34.387762
                        ],
                        [
                            -84.653688,
                            34.415147
                        ],
                        [
                            -84.653688,
                            34.546593
                        ],
                        [
                            -84.346979,
                            34.563024
                        ]
                    ]
                ]
            }
        },
        {
            "type": "Feature",
            "id": "13229",
            "properties": {
                "name": "Pierce"
            },
            "geometry": {
                "type": "Polygon",
                "coordinates": [
                    [
                        [
                            -82.227403,
                            31.528799
                        ],
                        [
                            -82.134295,
                            31.468553
                        ],
                        [
                            -82.041187,
                            31.375445
                        ],
                        [
                            -82.041187,
                            31.369968
                        ],
                        [
                            -82.282173,
                            31.227568
                        ],
                        [
                            -82.419096,
                            31.419261
                        ],
                        [
                            -82.227403,
                            31.528799
                        ]
                    ]
                ]
            }
        },
        {
            "type": "Feature",
            "id": "13231",
            "properties": {
                "name": "Pike"
            },
            "geometry": {
                "type": "Polygon",
                "coordinates": [
                    [
                        [
                            -84.494857,
                            33.182835
                        ],
                        [
                            -84.248394,
                            33.188312
                        ],
                        [
                            -84.270302,
                            32.991142
                        ],
                        [
                            -84.36341,
                            32.991142
                        ],
                        [
                            -84.527718,
                            32.969235
                        ],
                        [
                            -84.494857,
                            33.182835
                        ]
                    ]
                ]
            }
        },
        {
            "type": "Feature",
            "id": "13233",
            "properties": {
                "name": "Polk"
            },
            "geometry": {
                "type": "Polygon",
                "coordinates": [
                    [
                        [
                            -85.42046,
                            34.081054
                        ],
                        [
                            -85.048028,
                            34.097484
                        ],
                        [
                            -84.922058,
                            34.081054
                        ],
                        [
                            -85.048028,
                            33.905791
                        ],
                        [
                            -85.310921,
                            33.900315
                        ],
                        [
                            -85.387598,
                            33.900315
                        ],
                        [
                            -85.398552,
                            33.966038
                        ],
                        [
                            -85.42046,
                            34.081054
                        ]
                    ]
                ]
            }
        },
        {
            "type": "Feature",
            "id": "13235",
            "properties": {
                "name": "Pulaski"
            },
            "geometry": {
                "type": "Polygon",
                "coordinates": [
                    [
                        [
                            -83.613069,
                            32.290094
                        ],
                        [
                            -83.498053,
                            32.399633
                        ],
                        [
                            -83.344699,
                            32.273663
                        ],
                        [
                            -83.339222,
                            32.103878
                        ],
                        [
                            -83.607592,
                            32.120309
                        ],
                        [
                            -83.613069,
                            32.290094
                        ]
                    ]
                ]
            }
        },
        {
            "type": "Feature",
            "id": "13237",
            "properties": {
                "name": "Putnam"
            },
            "geometry": {
                "type": "Polygon",
                "coordinates": [
                    [
                        [
                            -83.278976,
                            33.484067
                        ],
                        [
                            -83.278976,
                            33.484067
                        ],
                        [
                            -83.16396,
                            33.35262
                        ],
                        [
                            -83.273499,
                            33.188312
                        ],
                        [
                            -83.426853,
                            33.182835
                        ],
                        [
                            -83.547346,
                            33.171881
                        ],
                        [
                            -83.536392,
                            33.434775
                        ],
                        [
                            -83.278976,
                            33.484067
                        ]
                    ]
                ]
            }
        },
        {
            "type": "Feature",
            "id": "13239",
            "properties": {
                "name": "Quitman"
            },
            "geometry": {
                "type": "Polygon",
                "coordinates": [
                    [
                        [
                            -85.069935,
                            31.994339
                        ],
                        [
                            -84.905627,
                            31.923139
                        ],
                        [
                            -84.960397,
                            31.775262
                        ],
                        [
                            -85.124705,
                            31.780739
                        ],
                        [
                            -85.141136,
                            31.780739
                        ],
                        [
                            -85.069935,
                            31.994339
                        ]
                    ]
                ]
            }
        },
        {
            "type": "Feature",
            "id": "13241",
            "properties": {
                "name": "Rabun"
            },
            "geometry": {
                "type": "Polygon",
                "coordinates": [
                    [
                        [
                            -83.109191,
                            35.00118
                        ],
                        [
                            -83.350176,
                            34.716379
                        ],
                        [
                            -83.651408,
                            34.820441
                        ],
                        [
                            -83.547346,
                            34.990226
                        ],
                        [
                            -83.481623,
                            34.995703
                        ],
                        [
                            -83.109191,
                            35.00118
                        ]
                    ]
                ]
            }
        },
        {
            "type": "Feature",
            "id": "13243",
            "properties": {
                "name": "Randolph"
            },
            "geometry": {
                "type": "Polygon",
                "coordinates": [
                    [
                        [
                            -84.905627,
                            31.923139
                        ],
                        [
                            -84.653688,
                            31.917662
                        ],
                        [
                            -84.598918,
                            31.917662
                        ],
                        [
                            -84.544149,
                            31.621907
                        ],
                        [
                            -84.817996,
                            31.621907
                        ],
                        [
                            -84.960397,
                            31.775262
                        ],
                        [
                            -84.905627,
                            31.923139
                        ]
                    ]
                ]
            }
        },
        {
            "type": "Feature",
            "id": "13245",
            "properties": {
                "name": "Richmond"
            },
            "geometry": {
                "type": "Polygon",
                "coordinates": [
                    [
                        [
                            -82.030233,
                            33.544313
                        ],
                        [
                            -82.013803,
                            33.53336
                        ],
                        [
                            -81.849494,
                            33.248559
                        ],
                        [
                            -82.189065,
                            33.292374
                        ],
                        [
                            -82.265742,
                            33.264989
                        ],
                        [
                            -82.353373,
                            33.314282
                        ],
                        [
                            -82.293127,
                            33.35262
                        ],
                        [
                            -82.030233,
                            33.544313
                        ]
                    ]
                ]
            }
        },
        {
            "type": "Feature",
            "id": "13247",
            "properties": {
                "name": "Rockdale"
            },
            "geometry": {
                "type": "Polygon",
                "coordinates": [
                    [
                        [
                            -83.980024,
                            33.785299
                        ],
                        [
                            -83.914301,
                            33.74696
                        ],
                        [
                            -84.045747,
                            33.527883
                        ],
                        [
                            -84.182671,
                            33.648375
                        ],
                        [
                            -84.02384,
                            33.752437
                        ],
                        [
                            -83.980024,
                            33.785299
                        ]
                    ]
                ]
            }
        },
        {
            "type": "Feature",
            "id": "13249",
            "properties": {
                "name": "Schley"
            },
            "geometry": {
                "type": "Polygon",
                "coordinates": [
                    [
                        [
                            -84.36341,
                            32.399633
                        ],
                        [
                            -84.253871,
                            32.372248
                        ],
                        [
                            -84.182671,
                            32.229848
                        ],
                        [
                            -84.429133,
                            32.164124
                        ],
                        [
                            -84.390795,
                            32.416064
                        ],
                        [
                            -84.36341,
                            32.399633
                        ]
                    ]
                ]
            }
        },
        {
            "type": "Feature",
            "id": "13251",
            "properties": {
                "name": "Screven"
            },
            "geometry": {
                "type": "Polygon",
                "coordinates": [
                    [
                        [
                            -81.542786,
                            33.045912
                        ],
                        [
                            -81.411339,
                            32.74468
                        ],
                        [
                            -81.389431,
                            32.596803
                        ],
                        [
                            -81.548263,
                            32.487264
                        ],
                        [
                            -81.827587,
                            32.651572
                        ],
                        [
                            -81.838541,
                            32.651572
                        ],
                        [
                            -81.76734,
                            32.908988
                        ],
                        [
                            -81.542786,
                            33.045912
                        ]
                    ]
                ]
            }
        },
        {
            "type": "Feature",
            "id": "13253",
            "properties": {
                "name": "Seminole"
            },
            "geometry": {
                "type": "Polygon",
                "coordinates": [
                    [
                        [
                            -85.02612,
                            31.074213
                        ],
                        [
                            -84.922058,
                            31.074213
                        ],
                        [
                            -84.730365,
                            31.068736
                        ],
                        [
                            -84.861812,
                            30.712735
                        ],
                        [
                            -84.867289,
                            30.712735
                        ],
                        [
                            -85.004212,
                            31.003013
                        ],
                        [
                            -85.02612,
                            31.074213
                        ]
                    ]
                ]
            }
        },
        {
            "type": "Feature",
            "id": "13255",
            "properties": {
                "name": "Spalding"
            },
            "geometry": {
                "type": "Polygon",
                "coordinates": [
                    [
                        [
                            -84.368887,
                            33.35262
                        ],
                        [
                            -84.352456,
                            33.35262
                        ],
                        [
                            -84.100517,
                            33.297851
                        ],
                        [
                            -84.122425,
                            33.204743
                        ],
                        [
                            -84.248394,
                            33.188312
                        ],
                        [
                            -84.494857,
                            33.182835
                        ],
                        [
                            -84.500334,
                            33.221174
                        ],
                        [
                            -84.494857,
                            33.259513
                        ],
                        [
                            -84.385318,
                            33.35262
                        ],
                        [
                            -84.368887,
                            33.35262
                        ]
                    ]
                ]
            }
        },
        {
            "type": "Feature",
            "id": "13257",
            "properties": {
                "name": "Stephens"
            },
            "geometry": {
                "type": "Polygon",
                "coordinates": [
                    [
                        [
                            -83.278976,
                            34.645178
                        ],
                        [
                            -83.103714,
                            34.53564
                        ],
                        [
                            -83.125621,
                            34.519209
                        ],
                        [
                            -83.399469,
                            34.458962
                        ],
                        [
                            -83.459715,
                            34.48087
                        ],
                        [
                            -83.339222,
                            34.688994
                        ],
                        [
                            -83.278976,
                            34.645178
                        ]
                    ]
                ]
            }
        },
        {
            "type": "Feature",
            "id": "13259",
            "properties": {
                "name": "Stewart"
            },
            "geometry": {
                "type": "Polygon",
                "coordinates": [
                    [
                        [
                            -84.659165,
                            32.235325
                        ],
                        [
                            -84.648211,
                            32.235325
                        ],
                        [
                            -84.653688,
                            31.917662
                        ],
                        [
                            -84.905627,
                            31.923139
                        ],
                        [
                            -85.069935,
                            31.994339
                        ],
                        [
                            -85.053504,
                            32.06554
                        ],
                        [
                            -84.922058,
                            32.229848
                        ],
                        [
                            -84.659165,
                            32.235325
                        ]
                    ]
                ]
            }
        },
        {
            "type": "Feature",
            "id": "13261",
            "properties": {
                "name": "Sumter"
            },
            "geometry": {
                "type": "Polygon",
                "coordinates": [
                    [
                        [
                            -84.182671,
                            32.229848
                        ],
                        [
                            -84.029317,
                            32.169601
                        ],
                        [
                            -83.963593,
                            32.032678
                        ],
                        [
                            -83.925255,
                            31.912185
                        ],
                        [
                            -84.259348,
                            31.917662
                        ],
                        [
                            -84.336025,
                            31.873847
                        ],
                        [
                            -84.445564,
                            31.966955
                        ],
                        [
                            -84.429133,
                            32.13674
                        ],
                        [
                            -84.429133,
                            32.164124
                        ],
                        [
                            -84.182671,
                            32.229848
                        ]
                    ]
                ]
            }
        },
        {
            "type": "Feature",
            "id": "13263",
            "properties": {
                "name": "Talbot"
            },
            "geometry": {
                "type": "Polygon",
                "coordinates": [
                    [
                        [
                            -84.50581,
                            32.881604
                        ],
                        [
                            -84.286733,
                            32.750157
                        ],
                        [
                            -84.445564,
                            32.563941
                        ],
                        [
                            -84.637257,
                            32.536556
                        ],
                        [
                            -84.692026,
                            32.520126
                        ],
                        [
                            -84.692026,
                            32.585849
                        ],
                        [
                            -84.70298,
                            32.843265
                        ],
                        [
                            -84.50581,
                            32.881604
                        ]
                    ]
                ]
            }
        },
        {
            "type": "Feature",
            "id": "13265",
            "properties": {
                "name": "Taliaferro"
            },
            "geometry": {
                "type": "Polygon",
                "coordinates": [
                    [
                        [
                            -82.950359,
                            33.736006
                        ],
                        [
                            -82.681989,
                            33.599083
                        ],
                        [
                            -82.851774,
                            33.445728
                        ],
                        [
                            -83.010606,
                            33.467636
                        ],
                        [
                            -83.010606,
                            33.467636
                        ],
                        [
                            -82.994175,
                            33.692191
                        ],
                        [
                            -82.950359,
                            33.736006
                        ]
                    ]
                ]
            }
        },
        {
            "type": "Feature",
            "id": "13267",
            "properties": {
                "name": "Tattnall"
            },
            "geometry": {
                "type": "Polygon",
                "coordinates": [
                    [
                        [
                            -82.23288,
                            32.317479
                        ],
                        [
                            -82.024756,
                            32.27914
                        ],
                        [
                            -81.761863,
                            32.049109
                        ],
                        [
                            -81.82211,
                            32.016247
                        ],
                        [
                            -81.969987,
                            31.791692
                        ],
                        [
                            -82.046664,
                            31.824554
                        ],
                        [
                            -82.227403,
                            31.912185
                        ],
                        [
                            -82.23288,
                            32.317479
                        ]
                    ]
                ]
            }
        },
        {
            "type": "Feature",
            "id": "13269",
            "properties": {
                "name": "Taylor"
            },
            "geometry": {
                "type": "MultiPolygon",
                "coordinates": [
                    [
                        [
                            [
                                -84.286733,
                                32.750157
                            ],
                            [
                                -84.204579,
                                32.689911
                            ],
                            [
                                -84.001932,
                                32.531079
                            ],
                            [
                                -84.051224,
                                32.520126
                            ],
                            [
                                -84.253871,
                                32.372248
                            ],
                            [
                                -84.36341,
                                32.399633
                            ],
                            [
                                -84.390795,
                                32.416064
                            ],
                            [
                                -84.445564,
                                32.563941
                            ],
                            [
                                -84.286733,
                                32.750157
                            ]
                        ]
                    ],
                    [
                        [
                            [
                                -84.051224,
                                32.520126
                            ],
                            [
                                -84.007409,
                                32.520126
                            ],
                            [
                                -84.018363,
                                32.503695
                            ],
                            [
                                -84.051224,
                                32.520126
                            ],
                            [
                                -84.051224,
                                32.520126
                            ]
                        ]
                    ]
                ]
            }
        },
        {
            "type": "Feature",
            "id": "13271",
            "properties": {
                "name": "Telfair"
            },
            "geometry": {
                "type": "Polygon",
                "coordinates": [
                    [
                        [
                            -82.950359,
                            32.120309
                        ],
                        [
                            -82.928452,
                            32.13674
                        ],
                        [
                            -82.643651,
                            31.917662
                        ],
                        [
                            -82.835344,
                            31.8136
                        ],
                        [
                            -82.994175,
                            31.780739
                        ],
                        [
                            -83.180391,
                            31.846462
                        ],
                        [
                            -83.207776,
                            31.901231
                        ],
                        [
                            -82.950359,
                            32.120309
                        ]
                    ]
                ]
            }
        },
        {
            "type": "Feature",
            "id": "13273",
            "properties": {
                "name": "Terrell"
            },
            "geometry": {
                "type": "Polygon",
                "coordinates": [
                    [
                        [
                            -84.297687,
                            31.621907
                        ],
                        [
                            -84.451041,
                            31.621907
                        ],
                        [
                            -84.544149,
                            31.621907
                        ],
                        [
                            -84.598918,
                            31.917662
                        ],
                        [
                            -84.445564,
                            31.966955
                        ],
                        [
                            -84.336025,
                            31.873847
                        ],
                        [
                            -84.297687,
                            31.621907
                        ]
                    ]
                ]
            }
        },
        {
            "type": "Feature",
            "id": "13275",
            "properties": {
                "name": "Thomas"
            },
            "geometry": {
                "type": "Polygon",
                "coordinates": [
                    [
                        [
                            -84.100517,
                            31.07969
                        ],
                        [
                            -84.001932,
                            31.07969
                        ],
                        [
                            -83.739039,
                            31.035875
                        ],
                        [
                            -83.744516,
                            30.657966
                        ],
                        [
                            -84.007409,
                            30.674397
                        ],
                        [
                            -84.084086,
                            30.674397
                        ],
                        [
                            -84.116948,
                            31.07969
                        ],
                        [
                            -84.100517,
                            31.07969
                        ]
                    ]
                ]
            }
        },
        {
            "type": "Feature",
            "id": "13277",
            "properties": {
                "name": "Tift"
            },
            "geometry": {
                "type": "Polygon",
                "coordinates": [
                    [
                        [
                            -83.645931,
                            31.594523
                        ],
                        [
                            -83.498053,
                            31.594523
                        ],
                        [
                            -83.339222,
                            31.47403
                        ],
                        [
                            -83.43233,
                            31.34806
                        ],
                        [
                            -83.514484,
                            31.326153
                        ],
                        [
                            -83.651408,
                            31.331629
                        ],
                        [
                            -83.651408,
                            31.567138
                        ],
                        [
                            -83.645931,
                            31.594523
                        ]
                    ]
                ]
            }
        },
        {
            "type": "Feature",
            "id": "13279",
            "properties": {
                "name": "Toombs"
            },
            "geometry": {
                "type": "Polygon",
                "coordinates": [
                    [
                        [
                            -82.408142,
                            32.355817
                        ],
                        [
                            -82.23288,
                            32.317479
                        ],
                        [
                            -82.227403,
                            31.912185
                        ],
                        [
                            -82.43005,
                            31.966955
                        ],
                        [
                            -82.468389,
                            31.966955
                        ],
                        [
                            -82.479343,
                            31.972432
                        ],
                        [
                            -82.408142,
                            32.355817
                        ]
                    ]
                ]
            }
        },
        {
            "type": "Feature",
            "id": "13281",
            "properties": {
                "name": "Towns"
            },
            "geometry": {
                "type": "Polygon",
                "coordinates": [
                    [
                        [
                            -83.936209,
                            34.984749
                        ],
                        [
                            -83.547346,
                            34.990226
                        ],
                        [
                            -83.651408,
                            34.820441
                        ],
                        [
                            -83.684269,
                            34.798533
                        ],
                        [
                            -83.782854,
                            34.793056
                        ],
                        [
                            -83.936209,
                            34.984749
                        ]
                    ]
                ]
            }
        },
        {
            "type": "Feature",
            "id": "13283",
            "properties": {
                "name": "Treutlen"
            },
            "geometry": {
                "type": "Polygon",
                "coordinates": [
                    [
                        [
                            -82.550543,
                            32.498218
                        ],
                        [
                            -82.408142,
                            32.355817
                        ],
                        [
                            -82.654605,
                            32.295571
                        ],
                        [
                            -82.720328,
                            32.312002
                        ],
                        [
                            -82.649128,
                            32.514649
                        ],
                        [
                            -82.550543,
                            32.498218
                        ]
                    ]
                ]
            }
        },
        {
            "type": "Feature",
            "id": "13285",
            "properties": {
                "name": "Troup"
            },
            "geometry": {
                "type": "Polygon",
                "coordinates": [
                    [
                        [
                            -84.938489,
                            33.226651
                        ],
                        [
                            -84.938489,
                            33.226651
                        ],
                        [
                            -84.861812,
                            33.193789
                        ],
                        [
                            -84.861812,
                            32.87065
                        ],
                        [
                            -85.184951,
                            32.87065
                        ],
                        [
                            -85.234244,
                            33.106158
                        ],
                        [
                            -85.234244,
                            33.128066
                        ],
                        [
                            -84.938489,
                            33.226651
                        ]
                    ]
                ]
            }
        },
        {
            "type": "Feature",
            "id": "13287",
            "properties": {
                "name": "Turner"
            },
            "geometry": {
                "type": "Polygon",
                "coordinates": [
                    [
                        [
                            -83.613069,
                            31.851939
                        ],
                        [
                            -83.481623,
                            31.846462
                        ],
                        [
                            -83.454238,
                            31.758831
                        ],
                        [
                            -83.498053,
                            31.594523
                        ],
                        [
                            -83.645931,
                            31.594523
                        ],
                        [
                            -83.651408,
                            31.567138
                        ],
                        [
                            -83.804762,
                            31.802646
                        ],
                        [
                            -83.613069,
                            31.851939
                        ]
                    ]
                ]
            }
        },
        {
            "type": "Feature",
            "id": "13289",
            "properties": {
                "name": "Twiggs"
            },
            "geometry": {
                "type": "Polygon",
                "coordinates": [
                    [
                        [
                            -83.393992,
                            32.876127
                        ],
                        [
                            -83.224206,
                            32.585849
                        ],
                        [
                            -83.498053,
                            32.454402
                        ],
                        [
                            -83.596638,
                            32.662526
                        ],
                        [
                            -83.514484,
                            32.843265
                        ],
                        [
                            -83.404945,
                            32.898034
                        ],
                        [
                            -83.393992,
                            32.876127
                        ]
                    ]
                ]
            }
        },
        {
            "type": "Feature",
            "id": "13291",
            "properties": {
                "name": "Union"
            },
            "geometry": {
                "type": "Polygon",
                "coordinates": [
                    [
                        [
                            -84.007409,
                            34.984749
                        ],
                        [
                            -83.936209,
                            34.984749
                        ],
                        [
                            -83.782854,
                            34.793056
                        ],
                        [
                            -83.854055,
                            34.721856
                        ],
                        [
                            -84.155286,
                            34.650655
                        ],
                        [
                            -84.127902,
                            34.990226
                        ],
                        [
                            -84.007409,
                            34.984749
                        ]
                    ]
                ]
            }
        },
        {
            "type": "Feature",
            "id": "13293",
            "properties": {
                "name": "Upson"
            },
            "geometry": {
                "type": "Polygon",
                "coordinates": [
                    [
                        [
                            -84.36341,
                            32.991142
                        ],
                        [
                            -84.270302,
                            32.991142
                        ],
                        [
                            -84.122425,
                            32.930896
                        ],
                        [
                            -84.122425,
                            32.848742
                        ],
                        [
                            -84.204579,
                            32.689911
                        ],
                        [
                            -84.286733,
                            32.750157
                        ],
                        [
                            -84.50581,
                            32.881604
                        ],
                        [
                            -84.527718,
                            32.969235
                        ],
                        [
                            -84.36341,
                            32.991142
                        ]
                    ]
                ]
            }
        },
        {
            "type": "Feature",
            "id": "13295",
            "properties": {
                "name": "Walker"
            },
            "geometry": {
                "type": "Polygon",
                "coordinates": [
                    [
                        [
                            -85.272582,
                            34.984749
                        ],
                        [
                            -85.267105,
                            34.984749
                        ],
                        [
                            -85.146612,
                            34.765671
                        ],
                        [
                            -85.048028,
                            34.623271
                        ],
                        [
                            -85.069935,
                            34.584932
                        ],
                        [
                            -85.09732,
                            34.584932
                        ],
                        [
                            -85.108274,
                            34.584932
                        ],
                        [
                            -85.529998,
                            34.590409
                        ],
                        [
                            -85.535475,
                            34.623271
                        ],
                        [
                            -85.36569,
                            34.984749
                        ],
                        [
                            -85.272582,
                            34.984749
                        ]
                    ]
                ]
            }
        },
        {
            "type": "Feature",
            "id": "13297",
            "properties": {
                "name": "Walton"
            },
            "geometry": {
                "type": "Polygon",
                "coordinates": [
                    [
                        [
                            -83.799285,
                            33.927699
                        ],
                        [
                            -83.645931,
                            33.905791
                        ],
                        [
                            -83.50353,
                            33.81816
                        ],
                        [
                            -83.509007,
                            33.812683
                        ],
                        [
                            -83.678792,
                            33.599083
                        ],
                        [
                            -83.914301,
                            33.74696
                        ],
                        [
                            -83.980024,
                            33.785299
                        ],
                        [
                            -83.799285,
                            33.927699
                        ]
                    ]
                ]
            }
        },
        {
            "type": "Feature",
            "id": "13299",
            "properties": {
                "name": "Ware"
            },
            "geometry": {
                "type": "Polygon",
                "coordinates": [
                    [
                        [
                            -82.473866,
                            31.419261
                        ],
                        [
                            -82.419096,
                            31.419261
                        ],
                        [
                            -82.282173,
                            31.227568
                        ],
                        [
                            -82.134295,
                            31.00849
                        ],
                        [
                            -82.216449,
                            30.570335
                        ],
                        [
                            -82.419096,
                            30.581289
                        ],
                        [
                            -82.671035,
                            31.183752
                        ],
                        [
                            -82.62722,
                            31.364491
                        ],
                        [
                            -82.599835,
                            31.468553
                        ],
                        [
                            -82.473866,
                            31.419261
                        ]
                    ]
                ]
            }
        },
        {
            "type": "Feature",
            "id": "13301",
            "properties": {
                "name": "Warren"
            },
            "geometry": {
                "type": "Polygon",
                "coordinates": [
                    [
                        [
                            -82.649128,
                            33.610037
                        ],
                        [
                            -82.386235,
                            33.314282
                        ],
                        [
                            -82.43005,
                            33.275943
                        ],
                        [
                            -82.687466,
                            33.270466
                        ],
                        [
                            -82.75319,
                            33.254036
                        ],
                        [
                            -82.851774,
                            33.445728
                        ],
                        [
                            -82.681989,
                            33.599083
                        ],
                        [
                            -82.649128,
                            33.610037
                        ]
                    ]
                ]
            }
        },
        {
            "type": "Feature",
            "id": "13303",
            "properties": {
                "name": "Washington"
            },
            "geometry": {
                "type": "Polygon",
                "coordinates": [
                    [
                        [
                            -82.747713,
                            33.237605
                        ],
                        [
                            -82.660082,
                            33.128066
                        ],
                        [
                            -82.523158,
                            32.821357
                        ],
                        [
                            -82.944882,
                            32.761111
                        ],
                        [
                            -83.076329,
                            32.947327
                        ],
                        [
                            -83.054421,
                            33.078773
                        ],
                        [
                            -82.747713,
                            33.237605
                        ]
                    ]
                ]
            }
        },
        {
            "type": "Feature",
            "id": "13305",
            "properties": {
                "name": "Wayne"
            },
            "geometry": {
                "type": "Polygon",
                "coordinates": [
                    [
                        [
                            -82.134295,
                            31.632861
                        ],
                        [
                            -82.046664,
                            31.824554
                        ],
                        [
                            -81.969987,
                            31.791692
                        ],
                        [
                            -81.663278,
                            31.539753
                        ],
                        [
                            -81.62494,
                            31.452122
                        ],
                        [
                            -81.729002,
                            31.331629
                        ],
                        [
                            -82.041187,
                            31.375445
                        ],
                        [
                            -82.134295,
                            31.468553
                        ],
                        [
                            -82.134295,
                            31.632861
                        ]
                    ]
                ]
            }
        },
        {
            "type": "Feature",
            "id": "13307",
            "properties": {
                "name": "Webster"
            },
            "geometry": {
                "type": "Polygon",
                "coordinates": [
                    [
                        [
                            -84.648211,
                            32.235325
                        ],
                        [
                            -84.429133,
                            32.13674
                        ],
                        [
                            -84.445564,
                            31.966955
                        ],
                        [
                            -84.598918,
                            31.917662
                        ],
                        [
                            -84.653688,
                            31.917662
                        ],
                        [
                            -84.648211,
                            32.235325
                        ]
                    ]
                ]
            }
        },
        {
            "type": "Feature",
            "id": "13309",
            "properties": {
                "name": "Wheeler"
            },
            "geometry": {
                "type": "Polygon",
                "coordinates": [
                    [
                        [
                            -82.720328,
                            32.312002
                        ],
                        [
                            -82.654605,
                            32.295571
                        ],
                        [
                            -82.545066,
                            31.961478
                        ],
                        [
                            -82.643651,
                            31.917662
                        ],
                        [
                            -82.928452,
                            32.13674
                        ],
                        [
                            -82.884636,
                            32.196986
                        ],
                        [
                            -82.720328,
                            32.312002
                        ]
                    ]
                ]
            }
        },
        {
            "type": "Feature",
            "id": "13311",
            "properties": {
                "name": "White"
            },
            "geometry": {
                "type": "Polygon",
                "coordinates": [
                    [
                        [
                            -83.782854,
                            34.793056
                        ],
                        [
                            -83.684269,
                            34.798533
                        ],
                        [
                            -83.667839,
                            34.502778
                        ],
                        [
                            -83.788331,
                            34.513732
                        ],
                        [
                            -83.843101,
                            34.502778
                        ],
                        [
                            -83.854055,
                            34.721856
                        ],
                        [
                            -83.782854,
                            34.793056
                        ]
                    ]
                ]
            }
        },
        {
            "type": "Feature",
            "id": "13313",
            "properties": {
                "name": "Whitfield"
            },
            "geometry": {
                "type": "Polygon",
                "coordinates": [
                    [
                        [
                            -84.976827,
                            34.990226
                        ],
                        [
                            -84.812519,
                            34.990226
                        ],
                        [
                            -84.916581,
                            34.634225
                        ],
                        [
                            -85.048028,
                            34.623271
                        ],
                        [
                            -85.146612,
                            34.765671
                        ],
                        [
                            -84.982304,
                            34.990226
                        ],
                        [
                            -84.976827,
                            34.990226
                        ]
                    ]
                ]
            }
        },
        {
            "type": "Feature",
            "id": "13315",
            "properties": {
                "name": "Wilcox"
            },
            "geometry": {
                "type": "Polygon",
                "coordinates": [
                    [
                        [
                            -83.607592,
                            32.120309
                        ],
                        [
                            -83.339222,
                            32.103878
                        ],
                        [
                            -83.207776,
                            31.901231
                        ],
                        [
                            -83.180391,
                            31.846462
                        ],
                        [
                            -83.481623,
                            31.846462
                        ],
                        [
                            -83.613069,
                            31.851939
                        ],
                        [
                            -83.607592,
                            32.027201
                        ],
                        [
                            -83.607592,
                            32.120309
                        ]
                    ]
                ]
            }
        },
        {
            "type": "Feature",
            "id": "13317",
            "properties": {
                "name": "Wilkes"
            },
            "geometry": {
                "type": "Polygon",
                "coordinates": [
                    [
                        [
                            -82.731282,
                            33.982469
                        ],
                        [
                            -82.643651,
                            33.982469
                        ],
                        [
                            -82.479343,
                            33.637421
                        ],
                        [
                            -82.649128,
                            33.610037
                        ],
                        [
                            -82.681989,
                            33.599083
                        ],
                        [
                            -82.950359,
                            33.736006
                        ],
                        [
                            -82.780574,
                            33.971515
                        ],
                        [
                            -82.731282,
                            33.982469
                        ]
                    ]
                ]
            }
        },
        {
            "type": "Feature",
            "id": "13319",
            "properties": {
                "name": "Wilkinson"
            },
            "geometry": {
                "type": "Polygon",
                "coordinates": [
                    [
                        [
                            -83.076329,
                            32.947327
                        ],
                        [
                            -82.944882,
                            32.761111
                        ],
                        [
                            -82.955836,
                            32.706342
                        ],
                        [
                            -83.224206,
                            32.585849
                        ],
                        [
                            -83.393992,
                            32.876127
                        ],
                        [
                            -83.404945,
                            32.898034
                        ],
                        [
                            -83.355653,
                            32.925419
                        ],
                        [
                            -83.076329,
                            32.947327
                        ]
                    ]
                ]
            }
        },
        {
            "type": "Feature",
            "id": "13321",
            "properties": {
                "name": "Worth"
            },
            "geometry": {
                "type": "Polygon",
                "coordinates": [
                    [
                        [
                            -83.941686,
                            31.846462
                        ],
                        [
                            -83.804762,
                            31.802646
                        ],
                        [
                            -83.651408,
                            31.567138
                        ],
                        [
                            -83.651408,
                            31.331629
                        ],
                        [
                            -83.974547,
                            31.337106
                        ],
                        [
                            -84.001932,
                            31.337106
                        ],
                        [
                            -83.996455,
                            31.441168
                        ],
                        [
                            -84.018363,
                            31.649292
                        ],
                        [
                            -83.941686,
                            31.846462
                        ]
                    ]
                ]
            }
        }
    ]
}